상품번호,이름,연식,주행거리,차량번호,지역,현재가격,원래가격,할인금액,최초등록,연료,배기량,외관컬러,내장컬러,차종,승차인원,구동방식,변속기,압류,저당,내차피해,소유자 변경,옵션정보,배터리 용량(kWh),축전지 정격전압/용량(v/Ah),최고출력(kW),최대토크(Nm),복합(km/kWh),도심(km/kWh),고속도로(km/kWh)
GJK240627007167,2023 GV70 가솔린 2.5 터보 AWD 시그니처 디자인 셀렉션Ⅰ,2022년,"28,988km",303누7499,용인,"4,840
만원","5,140
만원","300
만원 할인",2022.06.21,가솔린,"2,497cc",우유니 화이트,바닐라베이지투톤,SUV,5인승,AWD,자동,없음,없음,3건,없음,"{'내비게이션': '포함', '하이패스': '포함', '열선 스티어링 휠': '포함', '열선시트(1열/2열)': '포함', '통풍시트(1열)': '포함', '전동시트(1열)': '포함', '가죽 시트': '포함', '전동식 트렁크': '포함', '선루프': '미포함', '헤드업 디스플레이': '포함', '서라운드 뷰 모니터': '포함', '후방 모니터': '포함', '후측방 경보 시스템': '포함', '차선 이탈 경보': '포함', '스마트 크루즈 컨트롤': '포함', '전방 주차거리 경고': '포함'}",,,,,,,
GJJ240620006906,2024 G80 가솔린 2.5 터보 AWD 스포츠 디자인 셀렉션,2023년,"12,960km",104오3872,용인,"5,880
만원","6,130
만원","250
만원 할인",2023.07.03,가솔린,"2,497cc",비크 블랙,바닐라 베이지 카본,승용,5인승,AWD,자동,없음,없음,없음,있음,"{'내비게이션': '포함', '하이패스': '포함', '열선 스티어링 휠': '포함', '열선시트(1열/2열)': '포함', '통풍시트(1열)': '포함', '전동시트(1열)': '포함', '가죽 시트': '포함', '전동식 트렁크': '포함', '선루프': '포함', '헤드업 디스플레이': '포함', '서라운드 뷰 모니터': '포함', '후방 모니터': '포함', '후측방 경보 시스템': '포함', '차선 이탈 경보': '포함', '스마트 크루즈 컨트롤': '포함', '전방 주차거리 경고': '포함'}",,,,,,,
GJJ240906008810,2021 G80 가솔린 2.5 터보 AWD 시그니처 디자인 셀렉션Ⅱ,2020년,"77,458km",167부3579,용인,"3,800
만원","4,000
만원","200
만원 할인",2020.06.17,가솔린,"2,497cc",핀도스 그린,바닐라 베이지(유칼립투스),승용,5인승,AWD,자동,없음,없음,1건,없음,"{'내비게이션': '포함', '하이패스': '포함', '열선 스티어링 휠': '포함', '열선시트(1열/2열)': '포함', '통풍시트(1열)': '포함', '전동시트(1열)': '포함', '가죽 시트': '포함', '전동식 트렁크': '포함', '선루프': '미포함', '헤드업 디스플레이': '포함', '서라운드 뷰 모니터': '미포함', '후방 모니터': '포함', '후측방 경보 시스템': '포함', '차선 이탈 경보': '포함', '스마트 크루즈 컨트롤': '포함', '전방 주차거리 경고': '포함'}",,,,,,,
HIG240814008259,2023 그랜저(IG) 하이브리드 르블랑,2022년,"47,819km",366보4326,양산,"3,530
만원","3,630
만원","100
만원 할인",2022.08.03,하이브리드,"2,359cc",세레니티 화이트 펄,블랙/베이지(베이지시트),승용,5인승,2WD,자동,없음,없음,없음,없음,"{'내비게이션': '포함', '하이패스': '포함', '열선 스티어링 휠': '포함', '열선시트(1열/2열)': '포함', '통풍시트(1열)': '포함', '전동시트(1열)': '포함', '가죽 시트': '포함', '전동식 트렁크': '포함', '선루프': '미포함', '헤드업 디스플레이': '미포함', '서라운드 뷰 모니터': '포함', '후방 모니터': '포함', '후측방 경보 시스템': '포함', '차선 이탈 경보': '포함', '스마트 크루즈 컨트롤': '포함', '전방 주차거리 경고': '포함'}",,,,,,,
GJK240927009126,2023 GV70 가솔린 2.5 터보 AWD 스탠다드 디자인,2022년,"26,818km",112보9459,양산,"4,890
만원","4,990
만원","100
만원 할인",2022.08.23,가솔린,"2,497cc",우유니 화이트,바닐라베이지투톤,SUV,5인승,AWD,자동,없음,없음,없음,있음,"{'내비게이션': '포함', '하이패스': '포함', '열선 스티어링 휠': '포함', '열선시트(1열/2열)': '포함', '통풍시트(1열)': '포함', '전동시트(1열)': '포함', '가죽 시트': '미포함', '전동식 트렁크': '포함', '선루프': '포함', '헤드업 디스플레이': '포함', '서라운드 뷰 모니터': '포함', '후방 모니터': '포함', '후측방 경보 시스템': '포함', '차선 이탈 경보': '포함', '스마트 크루즈 컨트롤': '포함', '전방 주차거리 경고': '포함'}",,,,,,,
HCN240905008744,2021 아반떼(CN7) 가솔린 1.6 모던,2021년,"58,156km",287라2826,용인,"1,790
만원",,,2021.01.12,가솔린,"1,598cc",폴라 화이트,블랙모노톤,승용,5인승,2WD,자동 (IVT),없음,없음,1건,있음,"{'내비게이션': '포함', '하이패스': '포함', '열선 스티어링 휠': '포함', '열선 시트 (1열)': '포함', '통풍 시트 (운전석)': '포함', '전동 시트 (운전석)': '미포함', '가죽 시트': '미포함', '전동식 트렁크': '미포함', '선루프': '미포함', '헤드업 디스플레이': '미포함', '서라운드 뷰 모니터': '미포함', '후방 모니터': '포함', '후측방 경보 시스템': '미포함', '차선 이탈 경보': '포함', '스마트 크루즈 컨트롤': '미포함', '전방 주차거리 경고': '미포함'}",,,,,,,
GJJ240927009085,2022 G80 가솔린 2.5 터보 AWD 시그니처 디자인 셀렉션Ⅱ,2022년,"20,275km",210구2256,용인,"5,750
만원",,,2022.09.01,가솔린,"2,497cc",비크 블랙,듄 베이지(올리브 애쉬),승용,5인승,AWD,자동,없음,없음,없음,없음,"{'내비게이션': '포함', '하이패스': '포함', '열선 스티어링 휠': '포함', '열선시트(1열/2열)': '포함', '통풍시트(1열/2열)': '포함', '전동시트(1열/2열)': '포함', '가죽 시트': '포함', '전동식 트렁크': '포함', '선루프': '미포함', '헤드업 디스플레이': '포함', '서라운드 뷰 모니터': '포함', '후방 모니터': '포함', '후측방 경보 시스템': '포함', '차선 이탈 경보': '포함', '스마트 크루즈 컨트롤': '포함', '전방 주차거리 경고': '포함'}",,,,,,,
HDN240905008745,2021 쏘나타(DN8) 가솔린 2.0 프리미엄,2020년,"89,273km",171노9359,용인,"1,770
만원","1,820
만원","50
만원 할인",2020.07.06,가솔린,"1,999cc",미드나잇 블랙 펄,블랙모노톤,승용,5인승,2WD,자동,없음,없음,1건,있음,"{'내비게이션': '포함', '하이패스': '포함', '열선 스티어링 휠': '포함', '열선시트(1열/2열)': '포함', '통풍시트(1열)': '포함', '전동 시트 (운전석)': '포함', '가죽 시트': '미포함', '전동식 트렁크': '미포함', '선루프': '미포함', '헤드업 디스플레이': '미포함', '서라운드 뷰 모니터': '미포함', '후방 모니터': '포함', '후측방 경보 시스템': '미포함', '차선 이탈 경보': '포함', '스마트 크루즈 컨트롤': '미포함', '전방 주차거리 경고': '미포함'}",,,,,,,
GJJ241129010773,2021 G80 가솔린 2.5 터보 2WD 시그니처 디자인 셀렉션Ⅱ,2021년,"67,912km",345마4927,양산,"3,690
만원",,,2021.04.15,가솔린,"2,497cc",세빌 실버,듄 베이지(올리브 애쉬),승용,5인승,2WD,자동,없음,없음,없음,있음,"{'내비게이션': '포함', '하이패스': '포함', '열선 스티어링 휠': '포함', '열선시트(1열/2열)': '포함', '통풍시트(1열)': '포함', '전동시트(1열)': '포함', '가죽 시트': '포함', '전동식 트렁크': '포함', '선루프': '미포함', '헤드업 디스플레이': '미포함', '서라운드 뷰 모니터': '미포함', '후방 모니터': '포함', '후측방 경보 시스템': '포함', '차선 이탈 경보': '포함', '스마트 크루즈 컨트롤': '포함', '전방 주차거리 경고': '포함'}",,,,,,,
GJK240628007251,2021 GV70 가솔린 2.5 터보 2WD 스탠다드 디자인,2021년,"38,493km",342더6428,양산,"4,180
만원","4,430
만원","250
만원 할인",2021.06.13,가솔린,"2,497cc",우유니 화이트,블랙모노톤,SUV,5인승,2WD,자동,없음,없음,3건,없음,"{'내비게이션': '포함', '하이패스': '포함', '열선 스티어링 휠': '포함', '열선시트(1열/2열)': '포함', '통풍시트(1열)': '포함', '전동시트(1열)': '포함', '가죽 시트': '미포함', '전동식 트렁크': '포함', '선루프': '포함', '헤드업 디스플레이': '미포함', '서라운드 뷰 모니터': '포함', '후방 모니터': '포함', '후측방 경보 시스템': '포함', '차선 이탈 경보': '포함', '스마트 크루즈 컨트롤': '포함', '전방 주차거리 경고': '포함'}",,,,,,,
HNX241022009776,2022 투싼(NX4) 가솔린 1.6 터보 2WD 모던,2021년,"48,537km",243머4901,양산,"2,390
만원",,,2021.09.26,가솔린,"1,598cc",아마존 그레이 메탈릭,블랙모노톤,SUV,5인승,2WD,자동 (DCT),없음,없음,없음,있음,"{'내비게이션': '포함', '하이패스': '포함', '열선 스티어링 휠': '포함', '열선 시트 (1열)': '포함', '통풍시트(1열)': '포함', '전동 시트 (운전석)': '미포함', '가죽 시트': '미포함', '전동식 트렁크': '미포함', '선루프': '미포함', '헤드업 디스플레이': '미포함', '서라운드 뷰 모니터': '미포함', '후방 모니터': '포함', '후측방 경보 시스템': '포함', '차선 이탈 경보': '포함', '스마트 크루즈 컨트롤': '포함', '전방 주차거리 경고': '미포함'}",,,,,,,
HDN240923009028,2022 쏘나타(DN8) 가솔린 2.0 모던,2022년,"42,443km",202소8268,용인,"2,060
만원","2,160
만원","100
만원 할인",2022.05.10,가솔린,"1,999cc",햄턴 그레이 메탈릭,블랙모노톤,승용,5인승,2WD,자동,없음,없음,없음,있음,"{'내비게이션': '포함', '하이패스': '포함', '열선 스티어링 휠': '포함', '열선 시트 (1열)': '포함', '통풍 시트 (운전석)': '미포함', '전동 시트 (운전석)': '미포함', '가죽 시트': '미포함', '전동식 트렁크': '미포함', '선루프': '미포함', '헤드업 디스플레이': '미포함', '서라운드 뷰 모니터': '미포함', '후방 모니터': '포함', '후측방 경보 시스템': '포함', '차선 이탈 경보': '포함', '스마트 크루즈 컨트롤': '포함', '전방 주차거리 경고': '미포함'}",,,,,,,
GJX241125010643,2023 GV80 가솔린 2.5 터보 AWD 6인승 시그니처 디자인 셀렉션Ⅱ,2023년,"19,874km",345마4908,양산,"6,490
만원",,,2023.09.17,가솔린,"2,497cc",카프리 블루,브라운/스모키그린 투톤(올리브 애쉬),SUV,6인승,AWD,자동,없음,없음,없음,있음,"{'내비게이션': '포함', '하이패스': '포함', '열선 스티어링 휠': '포함', '열선시트(1열/2열)': '포함', '통풍시트(1열/2열)': '포함', '전동시트(1열/2열)': '포함', '가죽 시트': '포함', '전동식 트렁크': '포함', '선루프': '포함', '헤드업 디스플레이': '포함', '서라운드 뷰 모니터': '포함', '후방 모니터': '포함', '후측방 경보 시스템': '포함', '차선 이탈 경보': '포함', '스마트 크루즈 컨트롤': '포함', '전방 주차거리 경고': '포함'}",,,,,,,
HIG241011009528,2020 그랜저(IG) 가솔린 2.5 프리미엄,2020년,"28,188km",260루1161,양산,"2,480
만원",,,2020.09.17,가솔린,"2,497cc",미드나잇 블랙 펄,블랙모노톤,승용,5인승,2WD,자동,없음,없음,없음,있음,"{'내비게이션': '포함', '하이패스': '포함', '열선 스티어링 휠': '포함', '열선시트(1열/2열)': '포함', '통풍 시트 (운전석)': '미포함', '전동시트(1열)': '포함', '가죽 시트': '포함', '전동식 트렁크': '미포함', '선루프': '미포함', '헤드업 디스플레이': '미포함', '서라운드 뷰 모니터': '미포함', '후방 모니터': '포함', '후측방 경보 시스템': '미포함', '차선 이탈 경보': '포함', '스마트 크루즈 컨트롤': '미포함', '전방 주차거리 경고': '포함'}",,,,,,,
GJX241118010497,2022 GV80 가솔린 2.5 터보 AWD 5인승 시그니처 디자인 셀렉션Ⅰ,2022년,"16,002km",213노3582,양산,"5,850
만원",,,2022.10.30,가솔린,"2,497cc",우유니 화이트,바닐라베이지투톤,SUV,5인승,AWD,자동,없음,없음,없음,있음,"{'내비게이션': '포함', '하이패스': '포함', '열선 스티어링 휠': '포함', '열선시트(1열/2열)': '포함', '통풍시트(1열)': '포함', '전동시트(1열)': '포함', '가죽 시트': '포함', '전동식 트렁크': '포함', '선루프': '미포함', '헤드업 디스플레이': '미포함', '서라운드 뷰 모니터': '포함', '후방 모니터': '포함', '후측방 경보 시스템': '포함', '차선 이탈 경보': '포함', '스마트 크루즈 컨트롤': '포함', '전방 주차거리 경고': '포함'}",,,,,,,
HLX240826008524,2023 팰리세이드(LX2) 디젤 2.2 2WD 8인승 프레스티지,2022년,"20,202km",354어7985,양산,"4,000
만원","4,250
만원","250
만원 할인",2022.08.08,디젤,"2,199cc",크리미 화이트 펄,블랙모노톤,SUV,8인승,2WD,자동,없음,없음,없음,없음,"{'내비게이션': '포함', '하이패스': '포함', '열선 스티어링 휠': '포함', '열선시트(1열/2열)': '포함', '통풍시트(1열/2열)': '포함', '전동 시트 (운전석)': '포함', '가죽 시트': '포함', '전동식 트렁크': '포함', '선루프': '포함', '헤드업 디스플레이': '포함', '서라운드 뷰 모니터': '포함', '후방 모니터': '포함', '후측방 경보 시스템': '포함', '차선 이탈 경보': '포함', '스마트 크루즈 컨트롤': '포함', '전방 주차거리 경고': '포함'}",,,,,,,
GJJ241002009363,2022 G80 가솔린 2.5 터보 AWD 시그니처 디자인 셀렉션Ⅱ,2021년,"19,495km",115버3034,용인,"5,550
만원",,,2021.08.19,가솔린,"2,497cc",우유니 화이트,하바나 브라운(올리브 애쉬),승용,5인승,AWD,자동,없음,없음,없음,있음,"{'내비게이션': '포함', '하이패스': '포함', '열선 스티어링 휠': '포함', '열선시트(1열/2열)': '포함', '통풍시트(1열)': '포함', '전동시트(1열)': '포함', '가죽 시트': '포함', '전동식 트렁크': '포함', '선루프': '포함', '헤드업 디스플레이': '포함', '서라운드 뷰 모니터': '포함', '후방 모니터': '포함', '후측방 경보 시스템': '포함', '차선 이탈 경보': '포함', '스마트 크루즈 컨트롤': '포함', '전방 주차거리 경고': '포함'}",,,,,,,
GJJ240827008534,2022 G80 가솔린 2.5 터보 AWD 시그니처 디자인 셀렉션Ⅰ,2022년,"18,223km",142너7091,군산,"5,240
만원","5,490
만원","250
만원 할인",2022.08.22,가솔린,"2,497cc",마칼루 그레이 (무광),블랙모노톤,승용,5인승,AWD,자동,없음,없음,없음,없음,"{'내비게이션': '포함', '하이패스': '포함', '열선 스티어링 휠': '포함', '열선시트(1열/2열)': '포함', '통풍시트(1열)': '포함', '전동시트(1열)': '포함', '가죽 시트': '포함', '전동식 트렁크': '포함', '선루프': '미포함', '헤드업 디스플레이': '포함', '서라운드 뷰 모니터': '포함', '후방 모니터': '포함', '후측방 경보 시스템': '포함', '차선 이탈 경보': '포함', '스마트 크루즈 컨트롤': '포함', '전방 주차거리 경고': '포함'}",,,,,,,
HGN240724007943,2023 그랜저(GN7) 하이브리드 2WD 캘리그래피,2023년,"35,205km",176조4313,양산,"4,390
만원","4,640
만원","250
만원 할인",2023.02.01,하이브리드,"1,598cc",녹턴 그레이 메탈릭,브라운베이지투톤(캘리그래피),승용,5인승,2WD,자동,없음,없음,4건,없음,"{'내비게이션': '포함', '하이패스': '포함', '열선 스티어링 휠': '포함', '열선시트(1열/2열)': '포함', '통풍시트(1열)': '포함', '전동시트(1열)': '포함', '가죽 시트': '포함', '전동식 트렁크': '포함', '선루프': '포함', '헤드업 디스플레이': '포함', '서라운드 뷰 모니터': '포함', '후방 모니터': '포함', '후측방 경보 시스템': '포함', '차선 이탈 경보': '포함', '스마트 크루즈 컨트롤': '포함', '전방 주차거리 경고': '포함'}",,,,,,,
GJJ240904008728,2022 G80 가솔린 2.5 터보 AWD 스포츠 디자인 셀렉션,2022년,"19,124km",161버9595,양산,"6,110
만원",,,2022.06.26,가솔린,"2,497cc",우유니 화이트,옵시디언블랙/세비야레드투톤,승용,5인승,AWD,자동,없음,없음,없음,없음,"{'내비게이션': '포함', '하이패스': '포함', '열선 스티어링 휠': '포함', '열선시트(1열/2열)': '포함', '통풍시트(1열/2열)': '포함', '전동시트(1열/2열)': '포함', '가죽 시트': '포함', '전동식 트렁크': '포함', '선루프': '포함', '헤드업 디스플레이': '포함', '서라운드 뷰 모니터': '포함', '후방 모니터': '포함', '후측방 경보 시스템': '포함', '차선 이탈 경보': '포함', '스마트 크루즈 컨트롤': '포함', '전방 주차거리 경고': '포함'}",,,,,,,
HDN240705007388,2021 쏘나타(DN8) 하이브리드 프리미엄 밀레니얼,2020년,"19,554km",152저8638,양산,"2,680
만원","2,880
만원","200
만원 할인",2020.06.11,하이브리드,"1,999cc",녹턴 그레이 메탈릭,블랙모노톤,승용,5인승,2WD,자동,없음,없음,없음,있음,"{'내비게이션': '포함', '하이패스': '포함', '열선 스티어링 휠': '포함', '열선 시트 (1열)': '포함', '통풍시트(1열)': '포함', '전동시트(1열)': '포함', '가죽 시트': '포함', '전동식 트렁크': '미포함', '선루프': '미포함', '헤드업 디스플레이': '미포함', '서라운드 뷰 모니터': '미포함', '후방 모니터': '포함', '후측방 경보 시스템': '미포함', '차선 이탈 경보': '포함', '스마트 크루즈 컨트롤': '미포함', '전방 주차거리 경고': '포함'}",,,,,,,
GJJ240705007378,2021 G80 가솔린 3.5 터보 AWD 스탠다드 디자인,2021년,"63,686km",152저8613,양산,"4,100
만원","4,350
만원","250
만원 할인",2021.02.14,가솔린,"3,470cc",비크 블랙,블랙모노톤,승용,5인승,AWD,자동,없음,없음,1건,있음,"{'내비게이션': '포함', '하이패스': '포함', '열선 스티어링 휠': '포함', '열선시트(1열/2열)': '포함', '통풍시트(1열)': '포함', '전동시트(1열)': '포함', '가죽 시트': '포함', '전동식 트렁크': '포함', '선루프': '미포함', '헤드업 디스플레이': '포함', '서라운드 뷰 모니터': '포함', '후방 모니터': '포함', '후측방 경보 시스템': '포함', '차선 이탈 경보': '포함', '스마트 크루즈 컨트롤': '포함', '전방 주차거리 경고': '포함'}",,,,,,,
GJX241107010288,2024 GV80 가솔린 3.5 터보 AWD 5인승 시그니처 디자인 셀렉션Ⅱ,2023년,"9,462km",155마6644,양산,"8,040
만원",,,2023.11.26,가솔린,"3,470cc",마테호른 화이트(무광),스모키그린/어스브라운/뉴스페이퍼,SUV,5인승,AWD,자동,없음,없음,없음,없음,"{'내비게이션': '포함', '하이패스': '포함', '열선 스티어링 휠': '포함', '열선시트(1열/2열)': '포함', '통풍시트(1열/2열)': '포함', '전동시트(1열/2열)': '포함', '가죽 시트': '포함', '전동식 트렁크': '포함', '선루프': '미포함', '헤드업 디스플레이': '포함', '서라운드 뷰 모니터': '포함', '후방 모니터': '포함', '후측방 경보 시스템': '포함', '차선 이탈 경보': '포함', '스마트 크루즈 컨트롤': '포함', '전방 주차거리 경고': '포함'}",,,,,,,
GJX241111010386,2022 GV80 가솔린 2.5 터보 2WD 7인승 시그니처 디자인 셀렉션Ⅱ,2021년,"46,617km",196보1344,군산,"5,790
만원",,,2021.10.19,가솔린,"2,497cc",우유니 화이트,브라운/스모키그린 투톤(올리브 애쉬),SUV,7인승,2WD,자동,없음,없음,없음,없음,"{'내비게이션': '포함', '하이패스': '포함', '열선 스티어링 휠': '포함', '열선시트(1열/2열)': '포함', '통풍시트(1열/2열)': '포함', '전동시트(1열/2열)': '포함', '가죽 시트': '포함', '전동식 트렁크': '포함', '선루프': '미포함', '헤드업 디스플레이': '포함', '서라운드 뷰 모니터': '포함', '후방 모니터': '포함', '후측방 경보 시스템': '포함', '차선 이탈 경보': '포함', '스마트 크루즈 컨트롤': '포함', '전방 주차거리 경고': '포함'}",,,,,,,
GJX240906008794,2023 GV80 가솔린 2.5 터보 AWD 5인승 시그니처 디자인 셀렉션Ⅱ,2023년,"36,798km",235너2099,양산,"6,590
만원",,,2023.04.19,가솔린,"2,497cc",비크 블랙,브라운/베이지 투톤(올리브 애쉬),SUV,5인승,AWD,자동,없음,없음,없음,있음,"{'내비게이션': '포함', '하이패스': '포함', '열선 스티어링 휠': '포함', '열선시트(1열/2열)': '포함', '통풍시트(1열/2열)': '포함', '전동시트(1열/2열)': '포함', '가죽 시트': '포함', '전동식 트렁크': '포함', '선루프': '포함', '헤드업 디스플레이': '포함', '서라운드 뷰 모니터': '포함', '후방 모니터': '포함', '후측방 경보 시스템': '포함', '차선 이탈 경보': '포함', '스마트 크루즈 컨트롤': '포함', '전방 주차거리 경고': '포함'}",,,,,,,
HLX240930009225,2021 팰리세이드(LX2) 디젤 2.2 2WD 7인승 익스클루시브,2020년,"65,031km",288보5283,용인,"2,950
만원",,,2020.09.27,디젤,"2,199cc",크리미 화이트 펄,블랙모노톤,SUV,7인승,2WD,자동,없음,없음,없음,있음,"{'내비게이션': '포함', '하이패스': '포함', '열선 스티어링 휠': '포함', '열선시트(1열/2열)': '포함', '통풍시트(1열/2열)': '포함', '전동 시트 (운전석)': '포함', '가죽 시트': '미포함', '전동식 트렁크': '미포함', '선루프': '미포함', '헤드업 디스플레이': '미포함', '서라운드 뷰 모니터': '미포함', '후방 모니터': '포함', '후측방 경보 시스템': '포함', '차선 이탈 경보': '포함', '스마트 크루즈 컨트롤': '포함', '전방 주차거리 경고': '포함'}",,,,,,,
HDN240719007694,2021 쏘나타(DN8) 하이브리드 프리미엄 밀레니얼,2021년,"66,245km",135더6566,용인,"2,730
만원","2,830
만원","100
만원 할인",2021.04.13,하이브리드,"1,999cc",미드나잇 블랙 펄,블랙모노톤,승용,5인승,2WD,자동,없음,없음,없음,있음,"{'내비게이션': '포함', '하이패스': '포함', '열선 스티어링 휠': '포함', '열선시트(1열/2열)': '포함', '통풍시트(1열)': '포함', '전동시트(1열)': '포함', '가죽 시트': '포함', '전동식 트렁크': '미포함', '선루프': '미포함', '헤드업 디스플레이': '포함', '서라운드 뷰 모니터': '포함', '후방 모니터': '포함', '후측방 경보 시스템': '포함', '차선 이탈 경보': '포함', '스마트 크루즈 컨트롤': '포함', '전방 주차거리 경고': '포함'}",,,,,,,
HIG240620006905,2020 그랜저(IG) 가솔린 2.5 익스클루시브,2020년,"72,665km",160우3770,용인,"2,670
만원","2,770
만원","100
만원 할인",2020.06.17,가솔린,"2,497cc",미드나잇 블랙 펄,브라운,승용,5인승,2WD,자동,없음,없음,1건,있음,"{'내비게이션': '포함', '하이패스': '포함', '열선 스티어링 휠': '포함', '열선시트(1열/2열)': '포함', '통풍시트(1열)': '포함', '전동시트(1열)': '포함', '가죽 시트': '포함', '전동식 트렁크': '포함', '선루프': '미포함', '헤드업 디스플레이': '미포함', '서라운드 뷰 모니터': '포함', '후방 모니터': '포함', '후측방 경보 시스템': '포함', '차선 이탈 경보': '포함', '스마트 크루즈 컨트롤': '포함', '전방 주차거리 경고': '포함'}",,,,,,,
HQX241210010932,2021 베뉴(QX) 가솔린 1.6 플럭스,2020년,"15,174km",172나7197,용인,"1,890
만원",,,2020.11.04,가솔린,"1,598cc",크리미 그레이,블랙모노톤,SUV,5인승,2WD,자동 (IVT),없음,없음,없음,없음,"{'내비게이션': '포함', '하이패스': '포함', '열선 스티어링 휠': '포함', '열선 시트 (1열)': '포함', '통풍시트(1열)': '포함', '전동 시트 (운전석)': '미포함', '가죽 시트': '미포함', '전동식 트렁크': '미포함', '선루프': '포함', '헤드업 디스플레이': '미포함', '서라운드 뷰 모니터': '미포함', '후방 모니터': '포함', '후측방 경보 시스템': '포함', '차선 이탈 경보': '포함', '스마트 크루즈 컨트롤': '미포함', '전방 주차거리 경고': '미포함'}",,,,,,,
GJJ240927009105,2021 G80 가솔린 2.5 터보 AWD 시그니처 디자인 셀렉션Ⅱ,2020년,"47,540km",286마1650,양산,"5,090
만원",,,2020.08.31,가솔린,"2,497cc",우유니 화이트,포레스트 블루(애쉬 칼라 그라데이션),승용,5인승,AWD,자동,없음,없음,1건,없음,"{'내비게이션': '포함', '하이패스': '포함', '열선 스티어링 휠': '포함', '열선시트(1열/2열)': '포함', '통풍시트(1열/2열)': '포함', '전동시트(1열/2열)': '포함', '가죽 시트': '포함', '전동식 트렁크': '포함', '선루프': '포함', '헤드업 디스플레이': '포함', '서라운드 뷰 모니터': '포함', '후방 모니터': '포함', '후측방 경보 시스템': '포함', '차선 이탈 경보': '포함', '스마트 크루즈 컨트롤': '포함', '전방 주차거리 경고': '포함'}",,,,,,,
HDN241210010949,2024 쏘나타(DN8) 가솔린 1.6 터보 인스퍼레이션,2023년,"5,715km",249조9161,용인,"3,250
만원",,,2023.11.05,가솔린,"1,598cc",녹턴그레이매트,네이비투톤,승용,5인승,2WD,자동,없음,없음,없음,없음,"{'내비게이션': '포함', '하이패스': '포함', '열선 스티어링 휠': '포함', '열선시트(1열/2열)': '포함', '통풍시트(1열)': '포함', '전동시트(1열)': '포함', '가죽 시트': '포함', '전동식 트렁크': '포함', '선루프': '미포함', '헤드업 디스플레이': '포함', '서라운드 뷰 모니터': '포함', '후방 모니터': '포함', '후측방 경보 시스템': '포함', '차선 이탈 경보': '포함', '스마트 크루즈 컨트롤': '포함', '전방 주차거리 경고': '포함'}",,,,,,,
GJX241101010126,2023 GV80 가솔린 2.5 터보 AWD 5인승 시그니처 디자인 셀렉션Ⅰ,2022년,"6,538km",159누6769,양산,"6,590
만원",,,2022.12.20,가솔린,"2,497cc",우유니 화이트,브라운/베이지 투톤(베이지시트),SUV,5인승,AWD,자동,없음,없음,없음,있음,"{'내비게이션': '포함', '하이패스': '포함', '열선 스티어링 휠': '포함', '열선시트(1열/2열)': '포함', '통풍시트(1열/2열)': '포함', '전동시트(1열/2열)': '포함', '가죽 시트': '포함', '전동식 트렁크': '포함', '선루프': '미포함', '헤드업 디스플레이': '포함', '서라운드 뷰 모니터': '포함', '후방 모니터': '포함', '후측방 경보 시스템': '포함', '차선 이탈 경보': '포함', '스마트 크루즈 컨트롤': '포함', '전방 주차거리 경고': '포함'}",,,,,,,
HDN241217011106,2022 쏘나타(DN8) 가솔린 2.0 프리미엄 플러스,2021년,"12,840km",202노6981,용인,"2,290
만원",,,2021.12.02,가솔린,"1,999cc",녹턴 그레이 메탈릭,네이비,승용,5인승,2WD,자동,없음,없음,없음,없음,"{'내비게이션': '포함', '하이패스': '포함', '열선 스티어링 휠': '포함', '열선 시트 (1열)': '포함', '통풍시트(1열)': '포함', '전동시트(1열)': '포함', '가죽 시트': '포함', '전동식 트렁크': '미포함', '선루프': '미포함', '헤드업 디스플레이': '미포함', '서라운드 뷰 모니터': '미포함', '후방 모니터': '포함', '후측방 경보 시스템': '포함', '차선 이탈 경보': '포함', '스마트 크루즈 컨트롤': '미포함', '전방 주차거리 경고': '포함'}",,,,,,,
GJX241119010545,2021 GV80 가솔린 2.5 터보 AWD 5인승 시그니처 디자인 셀렉션Ⅱ,2021년,"26,465km",132너2147,양산,"5,520
만원",,,2021.03.18,가솔린,"2,497cc",우유니 화이트,블랙모노톤(블랙 애쉬),SUV,5인승,AWD,자동,없음,없음,1건,없음,"{'내비게이션': '포함', '하이패스': '포함', '열선 스티어링 휠': '포함', '열선시트(1열/2열)': '포함', '통풍시트(1열)': '포함', '전동시트(1열)': '포함', '가죽 시트': '포함', '전동식 트렁크': '포함', '선루프': '미포함', '헤드업 디스플레이': '미포함', '서라운드 뷰 모니터': '미포함', '후방 모니터': '포함', '후측방 경보 시스템': '포함', '차선 이탈 경보': '포함', '스마트 크루즈 컨트롤': '포함', '전방 주차거리 경고': '포함'}",,,,,,,
HTM241125010688,2022 싼타페(TM) 하이브리드 2WD 7인승 익스클루시브,2021년,"39,840km",345마4919,양산,"3,000
만원",,,2021.11.09,하이브리드,"1,598cc",크리미 화이트 펄,블랙모노톤,SUV,7인승,2WD,자동,없음,없음,없음,있음,"{'내비게이션': '포함', '하이패스': '포함', '열선 스티어링 휠': '포함', '열선시트(1열/2열)': '포함', '통풍시트(1열)': '포함', '전동 시트 (운전석)': '미포함', '가죽 시트': '미포함', '전동식 트렁크': '포함', '선루프': '미포함', '헤드업 디스플레이': '미포함', '서라운드 뷰 모니터': '미포함', '후방 모니터': '포함', '후측방 경보 시스템': '미포함', '차선 이탈 경보': '포함', '스마트 크루즈 컨트롤': '미포함', '전방 주차거리 경고': '포함'}",,,,,,,
HLX240913008920,2021 팰리세이드(LX2) 가솔린 3.8 2WD 7인승 캘리그래피,2021년,"33,006km",171노8412,용인,"3,490
만원",,,2021.01.10,가솔린,"3,778cc",크리미 화이트 펄,카키 모노톤,SUV,7인승,2WD,자동,없음,없음,없음,없음,"{'내비게이션': '포함', '하이패스': '포함', '열선 스티어링 휠': '포함', '열선시트(1열/2열)': '포함', '통풍시트(1열/2열)': '포함', '전동시트(1열)': '포함', '가죽 시트': '포함', '전동식 트렁크': '포함', '선루프': '미포함', '헤드업 디스플레이': '포함', '서라운드 뷰 모니터': '포함', '후방 모니터': '포함', '후측방 경보 시스템': '포함', '차선 이탈 경보': '포함', '스마트 크루즈 컨트롤': '포함', '전방 주차거리 경고': '포함'}",,,,,,,
GJK240801008035,2023 GV70 가솔린 2.5 터보 AWD 스포츠 디자인 셀렉션Ⅱ,2022년,"11,106km",200조4560,용인,"5,380
만원","5,530
만원","150
만원 할인",2022.07.26,가솔린,"2,497cc",비크 블랙,옵시디언블랙/세비야레드투톤,SUV,5인승,AWD,자동,없음,없음,1건,없음,"{'내비게이션': '포함', '하이패스': '포함', '열선 스티어링 휠': '포함', '열선시트(1열/2열)': '포함', '통풍시트(1열/2열)': '포함', '전동시트(1열)': '포함', '가죽 시트': '포함', '전동식 트렁크': '포함', '선루프': '포함', '헤드업 디스플레이': '포함', '서라운드 뷰 모니터': '포함', '후방 모니터': '포함', '후측방 경보 시스템': '포함', '차선 이탈 경보': '포함', '스마트 크루즈 컨트롤': '포함', '전방 주차거리 경고': '포함'}",,,,,,,
HTM240927009101,2021 싼타페(TM) 디젤 2.2 2WD 7인승 프리미엄,2020년,"23,900km",112보9419,양산,"2,580
만원",,,2020.09.07,디젤,"2,151cc",크리미 화이트 펄,블랙모노톤,SUV,7인승,2WD,자동 (DCT),없음,없음,없음,있음,"{'내비게이션': '미포함', '하이패스': '미포함', '열선 스티어링 휠': '포함', '열선시트(1열/2열)': '포함', '통풍시트(1열)': '포함', '전동 시트 (운전석)': '미포함', '가죽 시트': '미포함', '전동식 트렁크': '미포함', '선루프': '미포함', '헤드업 디스플레이': '미포함', '서라운드 뷰 모니터': '미포함', '후방 모니터': '포함', '후측방 경보 시스템': '포함', '차선 이탈 경보': '포함', '스마트 크루즈 컨트롤': '포함', '전방 주차거리 경고': '포함'}",,,,,,,
GJX240920008997,2021 GV80 디젤 3.0 AWD 5인승 시그니처 디자인 셀렉션Ⅱ,2021년,"85,924km",112보9418,양산,"5,170
만원","5,370
만원","200
만원 할인",2021.03.17,디젤,"2,996cc",카본 메탈,브라운/스모키그린 투톤(올리브 애쉬),SUV,5인승,AWD,자동,없음,없음,없음,있음,"{'내비게이션': '포함', '하이패스': '포함', '열선 스티어링 휠': '포함', '열선시트(1열/2열)': '포함', '통풍시트(1열/2열)': '포함', '전동시트(1열/2열)': '포함', '가죽 시트': '포함', '전동식 트렁크': '포함', '선루프': '포함', '헤드업 디스플레이': '포함', '서라운드 뷰 모니터': '포함', '후방 모니터': '포함', '후측방 경보 시스템': '포함', '차선 이탈 경보': '포함', '스마트 크루즈 컨트롤': '포함', '전방 주차거리 경고': '포함'}",,,,,,,
GJK241129010764,2023 GV70 가솔린 2.5 터보 2WD 시그니처 디자인 셀렉션Ⅰ,2023년,"18,238km",345마4930,양산,"4,990
만원",,,2023.06.29,가솔린,"2,497cc",우유니 화이트,하바나 브라운,SUV,5인승,2WD,자동,없음,없음,없음,있음,"{'내비게이션': '포함', '하이패스': '포함', '열선 스티어링 휠': '포함', '열선시트(1열/2열)': '포함', '통풍시트(1열)': '포함', '전동시트(1열)': '포함', '가죽 시트': '포함', '전동식 트렁크': '포함', '선루프': '포함', '헤드업 디스플레이': '포함', '서라운드 뷰 모니터': '포함', '후방 모니터': '포함', '후측방 경보 시스템': '포함', '차선 이탈 경보': '포함', '스마트 크루즈 컨트롤': '포함', '전방 주차거리 경고': '포함'}",,,,,,,
GJJ241004009410,2021 G80 가솔린 2.5 터보 2WD 시그니처 디자인 셀렉션Ⅰ,2020년,"68,146km",246부6778,용인,"3,930
만원",,,2020.09.07,가솔린,"2,497cc",우유니 화이트,포레스트 블루,승용,5인승,2WD,자동,없음,없음,2건,없음,"{'내비게이션': '포함', '하이패스': '포함', '열선 스티어링 휠': '포함', '열선시트(1열/2열)': '포함', '통풍시트(1열)': '포함', '전동시트(1열)': '포함', '가죽 시트': '포함', '전동식 트렁크': '포함', '선루프': '미포함', '헤드업 디스플레이': '미포함', '서라운드 뷰 모니터': '포함', '후방 모니터': '포함', '후측방 경보 시스템': '포함', '차선 이탈 경보': '포함', '스마트 크루즈 컨트롤': '포함', '전방 주차거리 경고': '포함'}",,,,,,,
HLX240729008018,2023 팰리세이드(LX2) 가솔린 3.8 AWD 7인승 캘리그래피,2022년,"25,721km",256부1012,용인,"4,230
만원","4,530
만원","300
만원 할인",2022.07.21,가솔린,"3,778cc",크리미 화이트 펄,네이비/웜그레이 투톤,SUV,7인승,AWD,자동,없음,없음,3건,없음,"{'내비게이션': '포함', '하이패스': '포함', '열선 스티어링 휠': '포함', '열선시트(1열/2열)': '포함', '통풍시트(1열/2열)': '포함', '전동시트(1열)': '포함', '가죽 시트': '포함', '전동식 트렁크': '포함', '선루프': '포함', '헤드업 디스플레이': '포함', '서라운드 뷰 모니터': '포함', '후방 모니터': '포함', '후측방 경보 시스템': '포함', '차선 이탈 경보': '포함', '스마트 크루즈 컨트롤': '포함', '전방 주차거리 경고': '포함'}",,,,,,,
HTM240704007370,2023 싼타페(TM) 가솔린 2.5 2WD 6인승 캘리그래피,2023년,"12,496km",234가5746,양산,"3,730
만원","3,880
만원","150
만원 할인",2023.05.24,가솔린,"2,497cc",크리미 화이트 펄,카멜,SUV,6인승,2WD,자동 (DCT),없음,없음,1건,없음,"{'내비게이션': '포함', '하이패스': '포함', '열선 스티어링 휠': '포함', '열선시트(1열/2열)': '포함', '통풍시트(1열)': '포함', '전동시트(1열)': '포함', '가죽 시트': '포함', '전동식 트렁크': '포함', '선루프': '미포함', '헤드업 디스플레이': '포함', '서라운드 뷰 모니터': '포함', '후방 모니터': '포함', '후측방 경보 시스템': '포함', '차선 이탈 경보': '포함', '스마트 크루즈 컨트롤': '포함', '전방 주차거리 경고': '포함'}",,,,,,,
GJJ241022009773,2022 G80 가솔린 2.5 터보 2WD 시그니처 디자인 셀렉션Ⅰ,2021년,"38,782km",328모7984,양산,"4,740
만원",,,2021.08.24,가솔린,"2,497cc",우유니 화이트,하바나 브라운,승용,5인승,2WD,자동,없음,없음,2건,없음,"{'내비게이션': '포함', '하이패스': '포함', '열선 스티어링 휠': '포함', '열선시트(1열/2열)': '포함', '통풍시트(1열)': '포함', '전동시트(1열)': '포함', '가죽 시트': '포함', '전동식 트렁크': '포함', '선루프': '포함', '헤드업 디스플레이': '포함', '서라운드 뷰 모니터': '포함', '후방 모니터': '포함', '후측방 경보 시스템': '포함', '차선 이탈 경보': '포함', '스마트 크루즈 컨트롤': '포함', '전방 주차거리 경고': '포함'}",,,,,,,
GJK240227004186,2021 GV70 가솔린 2.5 터보 AWD 시그니처 디자인 셀렉션Ⅰ,2021년,"45,344km",344나2028,양산,"5,210
만원","5,760
만원","550
만원 할인",2021.01.27,가솔린,"2,497cc",비크 블랙,바닐라베이지투톤,SUV,5인승,AWD,자동,없음,없음,없음,있음,"{'내비게이션': '포함', '하이패스': '포함', '열선 스티어링 휠': '포함', '열선시트(1열/2열)': '포함', '통풍시트(1열/2열)': '포함', '전동시트(1열)': '포함', '가죽 시트': '포함', '전동식 트렁크': '포함', '선루프': '포함', '헤드업 디스플레이': '포함', '서라운드 뷰 모니터': '포함', '후방 모니터': '포함', '후측방 경보 시스템': '포함', '차선 이탈 경보': '포함', '스마트 크루즈 컨트롤': '포함', '전방 주차거리 경고': '포함'}",,,,,,,
GJX241111010402,2022 GV80 가솔린 2.5 터보 AWD 6인승 시그니처 디자인 셀렉션Ⅱ,2022년,"9,721km",122주6565,양산,"6,650
만원",,,2022.11.14,가솔린,"2,497cc",카디프 그린,브라운/스모키그린 투톤(블랙 애쉬),SUV,6인승,AWD,자동,없음,없음,1건,없음,"{'내비게이션': '포함', '하이패스': '포함', '열선 스티어링 휠': '포함', '열선시트(1열/2열)': '포함', '통풍시트(1열/2열)': '포함', '전동시트(1열/2열)': '포함', '가죽 시트': '포함', '전동식 트렁크': '포함', '선루프': '미포함', '헤드업 디스플레이': '포함', '서라운드 뷰 모니터': '포함', '후방 모니터': '포함', '후측방 경보 시스템': '포함', '차선 이탈 경보': '포함', '스마트 크루즈 컨트롤': '포함', '전방 주차거리 경고': '포함'}",,,,,,,
GJJ240905008747,2021 G80 가솔린 2.5 터보 AWD 시그니처 디자인 셀렉션Ⅱ,2020년,"74,525km",287라2812,용인,"4,270
만원","4,520
만원","250
만원 할인",2020.07.29,가솔린,"2,497cc",세빌 실버,블랙모노톤(애쉬 메탈릭 그라데이션),승용,5인승,AWD,자동,없음,없음,없음,있음,"{'내비게이션': '포함', '하이패스': '포함', '열선 스티어링 휠': '포함', '열선시트(1열/2열)': '포함', '통풍시트(1열/2열)': '포함', '전동시트(1열/2열)': '포함', '가죽 시트': '포함', '전동식 트렁크': '포함', '선루프': '포함', '헤드업 디스플레이': '포함', '서라운드 뷰 모니터': '포함', '후방 모니터': '포함', '후측방 경보 시스템': '포함', '차선 이탈 경보': '포함', '스마트 크루즈 컨트롤': '포함', '전방 주차거리 경고': '포함'}",,,,,,,
GJX241119010578,2023 GV80 가솔린 2.5 터보 AWD 5인승 시그니처 디자인 셀렉션Ⅱ,2023년,"36,446km",345마4935,양산,"6,430
만원",,,2023.10.31,가솔린,"2,497cc",비크 블랙,블루/듄 베이지 투톤(버취),SUV,5인승,AWD,자동,없음,없음,없음,있음,"{'내비게이션': '포함', '하이패스': '포함', '열선 스티어링 휠': '포함', '열선시트(1열/2열)': '포함', '통풍시트(1열/2열)': '포함', '전동시트(1열/2열)': '포함', '가죽 시트': '포함', '전동식 트렁크': '포함', '선루프': '미포함', '헤드업 디스플레이': '포함', '서라운드 뷰 모니터': '포함', '후방 모니터': '포함', '후측방 경보 시스템': '포함', '차선 이탈 경보': '포함', '스마트 크루즈 컨트롤': '포함', '전방 주차거리 경고': '포함'}",,,,,,,
HIG240926009074,2020 그랜저(IG) 가솔린 2.5 익스클루시브,2020년,"12,105km",337어3880,용인,"3,200
만원",,,2020.06.16,가솔린,"2,497cc",옥스퍼드 블루 메탈릭,브라운,승용,5인승,2WD,자동,없음,없음,없음,없음,"{'내비게이션': '포함', '하이패스': '포함', '열선 스티어링 휠': '포함', '열선시트(1열/2열)': '포함', '통풍시트(1열)': '포함', '전동시트(1열)': '포함', '가죽 시트': '포함', '전동식 트렁크': '포함', '선루프': '미포함', '헤드업 디스플레이': '미포함', '서라운드 뷰 모니터': '포함', '후방 모니터': '포함', '후측방 경보 시스템': '포함', '차선 이탈 경보': '포함', '스마트 크루즈 컨트롤': '포함', '전방 주차거리 경고': '포함'}",,,,,,,
GJK240812008192,2023 GV70 가솔린 2.5 터보 AWD 시그니처 디자인 셀렉션Ⅱ,2023년,"18,697km",361나8530,용인,"5,700
만원","5,850
만원","150
만원 할인",2023.06.08,가솔린,"2,497cc",카디프 그린,바닐라베이지투톤,SUV,5인승,AWD,자동,없음,없음,1건,없음,"{'내비게이션': '포함', '하이패스': '포함', '열선 스티어링 휠': '포함', '열선시트(1열/2열)': '포함', '통풍시트(1열/2열)': '포함', '전동시트(1열)': '포함', '가죽 시트': '포함', '전동식 트렁크': '포함', '선루프': '포함', '헤드업 디스플레이': '포함', '서라운드 뷰 모니터': '포함', '후방 모니터': '포함', '후측방 경보 시스템': '포함', '차선 이탈 경보': '포함', '스마트 크루즈 컨트롤': '포함', '전방 주차거리 경고': '포함'}",,,,,,,
GJP240311004489,2023 G90 가솔린 3.5 터보 AWD 5인승 시그니처 디자인 셀렉션,2023년,"5,394km",156우7857,양산,"9,920
만원","11,020
만원","1,100
만원 할인",2023.01.17,가솔린,"3,470cc",비크 블랙,블랙/브라운(뉴스페이퍼 크라운),승용,5인승,AWD,자동,없음,없음,1건,없음,"{'내비게이션': '포함', '하이패스': '포함', '열선 스티어링 휠': '포함', '열선시트(1열/2열)': '포함', '통풍시트(1열/2열)': '포함', '전동시트(1열/2열)': '포함', '가죽 시트': '포함', '전동식 트렁크': '포함', '선루프': '포함', '헤드업 디스플레이': '포함', '서라운드 뷰 모니터': '포함', '후방 모니터': '포함', '후측방 경보 시스템': '포함', '차선 이탈 경보': '포함', '스마트 크루즈 컨트롤': '포함', '전방 주차거리 경고': '포함'}",,,,,,,
HIG240902008675,2022 그랜저(IG) 하이브리드 르블랑,2021년,"42,325km",144모8915,양산,"3,200
만원","3,300
만원","100
만원 할인",2021.08.22,하이브리드,"2,359cc",옥스퍼드 블루 메탈릭,블랙/베이지(베이지시트),승용,5인승,2WD,자동,없음,없음,2건,없음,"{'내비게이션': '포함', '하이패스': '포함', '열선 스티어링 휠': '포함', '열선시트(1열/2열)': '포함', '통풍시트(1열)': '포함', '전동시트(1열)': '포함', '가죽 시트': '포함', '전동식 트렁크': '포함', '선루프': '미포함', '헤드업 디스플레이': '미포함', '서라운드 뷰 모니터': '포함', '후방 모니터': '포함', '후측방 경보 시스템': '포함', '차선 이탈 경보': '포함', '스마트 크루즈 컨트롤': '포함', '전방 주차거리 경고': '포함'}",,,,,,,
HDN240924009049,2021 쏘나타(DN8) 가솔린 2.0 프리미엄,2021년,"13,247km",124로3570,용인,"2,210
만원","2,410
만원","200
만원 할인",2021.05.24,가솔린,"1,999cc",녹턴 그레이 메탈릭,블랙모노톤,승용,5인승,2WD,자동,없음,없음,1건,없음,"{'내비게이션': '포함', '하이패스': '포함', '열선 스티어링 휠': '포함', '열선 시트 (1열)': '포함', '통풍 시트 (운전석)': '미포함', '전동 시트 (운전석)': '포함', '가죽 시트': '미포함', '전동식 트렁크': '미포함', '선루프': '미포함', '헤드업 디스플레이': '미포함', '서라운드 뷰 모니터': '미포함', '후방 모니터': '포함', '후측방 경보 시스템': '포함', '차선 이탈 경보': '포함', '스마트 크루즈 컨트롤': '포함', '전방 주차거리 경고': '미포함'}",,,,,,,
HGN240913008963,2023 그랜저(GN7) 하이브리드 2WD 캘리그래피,2023년,"14,768km",153누6790,양산,"4,590
만원","4,790
만원","200
만원 할인",2023.03.15,하이브리드,"1,598cc",어비스블랙펄,브라운베이지투톤(캘리그래피),승용,5인승,2WD,자동,없음,없음,1건,없음,"{'내비게이션': '포함', '하이패스': '포함', '열선 스티어링 휠': '포함', '열선시트(1열/2열)': '포함', '통풍시트(1열)': '포함', '전동시트(1열)': '포함', '가죽 시트': '포함', '전동식 트렁크': '포함', '선루프': '미포함', '헤드업 디스플레이': '포함', '서라운드 뷰 모니터': '포함', '후방 모니터': '포함', '후측방 경보 시스템': '포함', '차선 이탈 경보': '포함', '스마트 크루즈 컨트롤': '포함', '전방 주차거리 경고': '포함'}",,,,,,,
HLX240902008694,2023 팰리세이드(LX2) 디젤 2.2 2WD 8인승 캘리그래피,2022년,"37,741km",107누4235,양산,"4,320
만원","4,570
만원","250
만원 할인",2022.08.15,디젤,"2,199cc",크리미 화이트 펄,브라운,SUV,8인승,2WD,자동,없음,없음,1건,없음,"{'내비게이션': '포함', '하이패스': '포함', '열선 스티어링 휠': '포함', '열선시트(1열/2열)': '포함', '통풍시트(1열/2열)': '포함', '전동시트(1열)': '포함', '가죽 시트': '포함', '전동식 트렁크': '포함', '선루프': '포함', '헤드업 디스플레이': '포함', '서라운드 뷰 모니터': '포함', '후방 모니터': '포함', '후측방 경보 시스템': '포함', '차선 이탈 경보': '포함', '스마트 크루즈 컨트롤': '포함', '전방 주차거리 경고': '포함'}",,,,,,,
GJJ240502005791,2021 G80 가솔린 2.5 터보 2WD 시그니처 디자인 셀렉션Ⅱ,2020년,"30,001km",224러6249,양산,"4,500
만원","4,950
만원","450
만원 할인",2020.06.03,가솔린,"2,497cc",비크 블랙,블랙모노톤(애쉬 메탈릭 그라데이션),승용,5인승,2WD,자동,없음,없음,1건,있음,"{'내비게이션': '포함', '하이패스': '포함', '열선 스티어링 휠': '포함', '열선시트(1열/2열)': '포함', '통풍시트(1열)': '포함', '전동시트(1열)': '포함', '가죽 시트': '포함', '전동식 트렁크': '포함', '선루프': '미포함', '헤드업 디스플레이': '포함', '서라운드 뷰 모니터': '포함', '후방 모니터': '포함', '후측방 경보 시스템': '포함', '차선 이탈 경보': '포함', '스마트 크루즈 컨트롤': '포함', '전방 주차거리 경고': '포함'}",,,,,,,
HGN241014009623,2023 그랜저(GN7) 가솔린 2.5 2WD 캘리그래피,2023년,"4,376km",249조9107,군산,"4,590
만원",,,2023.11.05,가솔린,"2,497cc",세레니티 화이트 펄,인디고/브라운투톤(캘리그래피),승용,5인승,2WD,자동,없음,없음,없음,없음,"{'내비게이션': '포함', '하이패스': '포함', '열선 스티어링 휠': '포함', '열선시트(1열/2열)': '포함', '통풍시트(1열/2열)': '포함', '전동시트(1열)': '포함', '가죽 시트': '포함', '전동식 트렁크': '포함', '선루프': '포함', '헤드업 디스플레이': '포함', '서라운드 뷰 모니터': '포함', '후방 모니터': '포함', '후측방 경보 시스템': '포함', '차선 이탈 경보': '포함', '스마트 크루즈 컨트롤': '포함', '전방 주차거리 경고': '포함'}",,,,,,,
GJJ241216011046,2021 G80 가솔린 2.5 터보 AWD 시그니처 디자인 셀렉션Ⅱ,2020년,"53,310km",173가9113,양산,"4,140
만원",,,2020.11.03,가솔린,"2,497cc",그레이스풀그레이,듄 베이지(애쉬칼라 그라데이션),승용,5인승,AWD,자동,없음,없음,없음,없음,"{'내비게이션': '포함', '하이패스': '포함', '열선 스티어링 휠': '포함', '열선시트(1열/2열)': '포함', '통풍시트(1열)': '포함', '전동시트(1열)': '포함', '가죽 시트': '포함', '전동식 트렁크': '포함', '선루프': '미포함', '헤드업 디스플레이': '포함', '서라운드 뷰 모니터': '포함', '후방 모니터': '포함', '후측방 경보 시스템': '포함', '차선 이탈 경보': '포함', '스마트 크루즈 컨트롤': '포함', '전방 주차거리 경고': '포함'}",,,,,,,
GJJ241028009991,2021 G80 가솔린 2.5 터보 AWD 시그니처 디자인 셀렉션Ⅰ,2020년,"56,421km",237노7531,용인,"4,450
만원",,,2020.04.26,가솔린,"2,497cc",비크 블랙,블랙모노톤,승용,5인승,AWD,자동,없음,없음,없음,없음,"{'내비게이션': '포함', '하이패스': '포함', '열선 스티어링 휠': '포함', '열선시트(1열/2열)': '포함', '통풍시트(1열)': '포함', '전동시트(1열)': '포함', '가죽 시트': '포함', '전동식 트렁크': '포함', '선루프': '미포함', '헤드업 디스플레이': '포함', '서라운드 뷰 모니터': '포함', '후방 모니터': '포함', '후측방 경보 시스템': '포함', '차선 이탈 경보': '포함', '스마트 크루즈 컨트롤': '포함', '전방 주차거리 경고': '포함'}",,,,,,,
HTM241126010700,2023 싼타페(TM) 하이브리드 2WD 5인승 프레스티지,2022년,"8,863km",151수8800,양산,"3,690
만원",,,2022.11.16,하이브리드,"1,598cc",크리미 화이트 펄,블랙모노톤,SUV,5인승,2WD,자동,없음,없음,없음,없음,"{'내비게이션': '포함', '하이패스': '포함', '열선 스티어링 휠': '포함', '열선시트(1열/2열)': '포함', '통풍시트(1열)': '포함', '전동시트(1열)': '포함', '가죽 시트': '미포함', '전동식 트렁크': '포함', '선루프': '미포함', '헤드업 디스플레이': '포함', '서라운드 뷰 모니터': '포함', '후방 모니터': '포함', '후측방 경보 시스템': '포함', '차선 이탈 경보': '포함', '스마트 크루즈 컨트롤': '포함', '전방 주차거리 경고': '포함'}",,,,,,,
GJX241015009644,2023 GV80 디젤 3.0 AWD 6인승 시그니처 디자인 셀렉션Ⅱ,2023년,"14,552km",260루1124,양산,"7,720
만원",,,2023.06.26,디젤,"2,996cc",마칼루 그레이 (무광),브라운/베이지 투톤(메탈릭 포어 필),SUV,6인승,AWD,자동,없음,없음,없음,있음,"{'내비게이션': '포함', '하이패스': '포함', '열선 스티어링 휠': '포함', '열선시트(1열/2열)': '포함', '통풍시트(1열/2열)': '포함', '전동시트(1열/2열)': '포함', '가죽 시트': '포함', '전동식 트렁크': '포함', '선루프': '포함', '헤드업 디스플레이': '포함', '서라운드 뷰 모니터': '포함', '후방 모니터': '포함', '후측방 경보 시스템': '포함', '차선 이탈 경보': '포함', '스마트 크루즈 컨트롤': '포함', '전방 주차거리 경고': '포함'}",,,,,,,
HIG241014009557,2023 그랜저(IG) 하이브리드 르블랑,2022년,"27,858km",228너7031,용인,"3,550
만원","3,650
만원","100
만원 할인",2022.07.21,하이브리드,"2,359cc",어비스블랙펄,블랙모노톤,승용,5인승,2WD,자동,없음,없음,없음,있음,"{'내비게이션': '포함', '하이패스': '포함', '열선 스티어링 휠': '포함', '열선시트(1열/2열)': '포함', '통풍시트(1열)': '포함', '전동시트(1열)': '포함', '가죽 시트': '포함', '전동식 트렁크': '포함', '선루프': '포함', '헤드업 디스플레이': '포함', '서라운드 뷰 모니터': '포함', '후방 모니터': '포함', '후측방 경보 시스템': '포함', '차선 이탈 경보': '포함', '스마트 크루즈 컨트롤': '포함', '전방 주차거리 경고': '포함'}",,,,,,,
HIG241021009722,2020 그랜저(IG) 가솔린 2.5 프리미엄 초이스,2020년,"36,158km",396무4621,군산,"2,550
만원",,,2020.06.01,가솔린,"2,497cc",크리미 화이트 펄,블랙모노톤,승용,5인승,2WD,자동,없음,없음,없음,있음,"{'내비게이션': '포함', '하이패스': '포함', '열선 스티어링 휠': '포함', '열선시트(1열/2열)': '포함', '통풍시트(1열)': '포함', '전동시트(1열)': '포함', '가죽 시트': '포함', '전동식 트렁크': '포함', '선루프': '미포함', '헤드업 디스플레이': '미포함', '서라운드 뷰 모니터': '미포함', '후방 모니터': '포함', '후측방 경보 시스템': '미포함', '차선 이탈 경보': '포함', '스마트 크루즈 컨트롤': '미포함', '전방 주차거리 경고': '포함'}",,,,,,,
GJJ241029010005,2021 G80 가솔린 2.5 터보 AWD 시그니처 디자인 셀렉션Ⅱ,2021년,"36,639km",184모8838,양산,"5,190
만원",,,2021.03.10,가솔린,"2,497cc",우유니 화이트,포레스트 블루(애쉬 칼라 그라데이션),승용,5인승,AWD,자동,없음,없음,1건,있음,"{'내비게이션': '포함', '하이패스': '포함', '열선 스티어링 휠': '포함', '열선시트(1열/2열)': '포함', '통풍시트(1열/2열)': '포함', '전동시트(1열/2열)': '포함', '가죽 시트': '포함', '전동식 트렁크': '포함', '선루프': '미포함', '헤드업 디스플레이': '포함', '서라운드 뷰 모니터': '포함', '후방 모니터': '포함', '후측방 경보 시스템': '포함', '차선 이탈 경보': '포함', '스마트 크루즈 컨트롤': '포함', '전방 주차거리 경고': '포함'}",,,,,,,
GJJ241211011011,2023 G80 가솔린 2.5 터보 AWD 스탠다드 디자인,2022년,"37,439km",228고8997,용인,"4,990
만원",,,2022.12.19,가솔린,"2,497cc",비크 블랙,블랙모노톤,승용,5인승,AWD,자동,없음,없음,1건,없음,"{'내비게이션': '포함', '하이패스': '포함', '열선 스티어링 휠': '포함', '열선시트(1열/2열)': '포함', '통풍시트(1열/2열)': '포함', '전동시트(1열/2열)': '포함', '가죽 시트': '포함', '전동식 트렁크': '포함', '선루프': '미포함', '헤드업 디스플레이': '포함', '서라운드 뷰 모니터': '포함', '후방 모니터': '포함', '후측방 경보 시스템': '포함', '차선 이탈 경보': '포함', '스마트 크루즈 컨트롤': '포함', '전방 주차거리 경고': '포함'}",,,,,,,
GJU241121010614,2022 G70 가솔린 3.3 터보 AWD 스포츠 스탠다드 디자인,2021년,"41,322km",166서1193,군산,"3,570
만원",,,2021.11.10,가솔린,"3,342cc",비크 블랙,블랙/그레이 투톤(그레이시트),승용,5인승,AWD,자동,없음,없음,1건,없음,"{'내비게이션': '포함', '하이패스': '포함', '열선 스티어링 휠': '포함', '열선시트(1열/2열)': '포함', '통풍시트(1열)': '포함', '전동시트(1열)': '포함', '가죽 시트': '포함', '전동식 트렁크': '포함', '선루프': '미포함', '헤드업 디스플레이': '포함', '서라운드 뷰 모니터': '미포함', '후방 모니터': '포함', '후측방 경보 시스템': '포함', '차선 이탈 경보': '포함', '스마트 크루즈 컨트롤': '포함', '전방 주차거리 경고': '포함'}",,,,,,,
GJJ240628007185,2022 G80 가솔린 2.5 터보 AWD 시그니처 디자인 셀렉션Ⅰ,2021년,"19,819km",174어5651,용인,"4,910
만원","5,110
만원","200
만원 할인",2021.07.07,가솔린,"2,497cc",그레이스풀그레이,포레스트 블루,승용,5인승,AWD,자동,없음,없음,2건,없음,"{'내비게이션': '포함', '하이패스': '포함', '열선 스티어링 휠': '포함', '열선시트(1열/2열)': '포함', '통풍시트(1열)': '포함', '전동시트(1열)': '포함', '가죽 시트': '포함', '전동식 트렁크': '포함', '선루프': '미포함', '헤드업 디스플레이': '포함', '서라운드 뷰 모니터': '포함', '후방 모니터': '포함', '후측방 경보 시스템': '포함', '차선 이탈 경보': '포함', '스마트 크루즈 컨트롤': '포함', '전방 주차거리 경고': '포함'}",,,,,,,
GJX241021009739,2020 GV80 가솔린 2.5 터보 AWD 5인승 스탠다드 디자인,2020년,"34,433km",107구7757,양산,"5,500
만원",,,2020.09.27,가솔린,"2,497cc",비크 블랙,블랙모노톤,SUV,5인승,AWD,자동,없음,없음,1건,없음,"{'내비게이션': '포함', '하이패스': '포함', '열선 스티어링 휠': '포함', '열선시트(1열/2열)': '포함', '통풍시트(1열/2열)': '포함', '전동시트(1열/2열)': '포함', '가죽 시트': '포함', '전동식 트렁크': '포함', '선루프': '미포함', '헤드업 디스플레이': '포함', '서라운드 뷰 모니터': '포함', '후방 모니터': '포함', '후측방 경보 시스템': '포함', '차선 이탈 경보': '포함', '스마트 크루즈 컨트롤': '포함', '전방 주차거리 경고': '포함'}",,,,,,,
GJJ240628007233,2021 G80 가솔린 2.5 터보 2WD 시그니처 디자인 셀렉션Ⅱ,2021년,"29,755km",176오8860,양산,"4,760
만원","5,060
만원","300
만원 할인",2021.04.25,가솔린,"2,497cc",비크 블랙,하바나 브라운(애쉬 칼라 그라데이션),승용,5인승,2WD,자동,없음,없음,없음,있음,"{'내비게이션': '포함', '하이패스': '포함', '열선 스티어링 휠': '포함', '열선시트(1열/2열)': '포함', '통풍시트(1열)': '포함', '전동시트(1열)': '포함', '가죽 시트': '포함', '전동식 트렁크': '포함', '선루프': '미포함', '헤드업 디스플레이': '포함', '서라운드 뷰 모니터': '포함', '후방 모니터': '포함', '후측방 경보 시스템': '포함', '차선 이탈 경보': '포함', '스마트 크루즈 컨트롤': '포함', '전방 주차거리 경고': '포함'}",,,,,,,
HMX240902008668,2024 싼타페(MX5) 가솔린 2.5 터보 2WD 5인승 캘리그래피,2023년,"17,948km",153보9225,군산,"4,050
만원",,,2023.11.14,가솔린,"2,497cc",마그네틱 그레이 메탈릭,피칸브라운투톤(캘리그래피),SUV,5인승,2WD,자동 (DCT),없음,없음,없음,없음,"{'내비게이션': '포함', '하이패스': '포함', '열선 스티어링 휠': '포함', '열선시트(1열/2열)': '포함', '통풍시트(1열)': '포함', '전동시트(1열)': '포함', '가죽 시트': '포함', '전동식 트렁크': '포함', '선루프': '포함', '헤드업 디스플레이': '포함', '서라운드 뷰 모니터': '포함', '후방 모니터': '포함', '후측방 경보 시스템': '포함', '차선 이탈 경보': '포함', '스마트 크루즈 컨트롤': '포함', '전방 주차거리 경고': '포함'}",,,,,,,
HGN240924009046,2023 그랜저(GN7) 하이브리드 2WD 캘리그래피,2023년,"12,705km",306머1544,용인,"4,890
만원","4,990
만원","100
만원 할인",2023.12.04,하이브리드,"1,598cc",어비스블랙펄,블랙모노톤(블랙잉크),승용,5인승,2WD,자동,없음,없음,없음,없음,"{'내비게이션': '포함', '하이패스': '포함', '열선 스티어링 휠': '포함', '열선시트(1열/2열)': '포함', '통풍시트(1열)': '포함', '전동시트(1열)': '포함', '가죽 시트': '포함', '전동식 트렁크': '포함', '선루프': '미포함', '헤드업 디스플레이': '포함', '서라운드 뷰 모니터': '포함', '후방 모니터': '포함', '후측방 경보 시스템': '포함', '차선 이탈 경보': '포함', '스마트 크루즈 컨트롤': '포함', '전방 주차거리 경고': '포함'}",,,,,,,
HNX241004009428,2022 투싼(NX4) 가솔린 1.6 터보 2WD 프리미엄,2021년,"34,102km",364나6961,양산,"2,970
만원",,,2021.09.08,가솔린,"1,598cc",아마존 그레이 메탈릭,블랙모노톤,SUV,5인승,2WD,자동 (DCT),없음,없음,없음,없음,"{'내비게이션': '포함', '하이패스': '포함', '열선 스티어링 휠': '포함', '열선시트(1열/2열)': '포함', '통풍시트(1열)': '포함', '전동시트(1열)': '포함', '가죽 시트': '미포함', '전동식 트렁크': '포함', '선루프': '포함', '헤드업 디스플레이': '미포함', '서라운드 뷰 모니터': '포함', '후방 모니터': '포함', '후측방 경보 시스템': '포함', '차선 이탈 경보': '포함', '스마트 크루즈 컨트롤': '포함', '전방 주차거리 경고': '포함'}",,,,,,,
GJX241018009708,2022 GV80 가솔린 2.5 터보 AWD 5인승 시그니처 디자인 셀렉션Ⅱ,2022년,"7,838km",119오9589,용인,"6,890
만원",,,2022.10.12,가솔린,"2,497cc",카디프 그린,브라운/베이지 투톤(메탈릭 포어 필),SUV,5인승,AWD,자동,없음,없음,없음,없음,"{'내비게이션': '포함', '하이패스': '포함', '열선 스티어링 휠': '포함', '열선시트(1열/2열)': '포함', '통풍시트(1열/2열)': '포함', '전동시트(1열/2열)': '포함', '가죽 시트': '포함', '전동식 트렁크': '포함', '선루프': '포함', '헤드업 디스플레이': '포함', '서라운드 뷰 모니터': '포함', '후방 모니터': '포함', '후측방 경보 시스템': '포함', '차선 이탈 경보': '포함', '스마트 크루즈 컨트롤': '포함', '전방 주차거리 경고': '포함'}",,,,,,,
GJK241129010745,2023 GV70 가솔린 2.5 터보 2WD 시그니처 디자인 셀렉션Ⅰ,2022년,"23,007km",206소7553,용인,"4,820
만원",,,2022.09.15,가솔린,"2,497cc",우유니 화이트,블랙모노톤,SUV,5인승,2WD,자동,없음,없음,없음,없음,"{'내비게이션': '포함', '하이패스': '포함', '열선 스티어링 휠': '포함', '열선시트(1열/2열)': '포함', '통풍시트(1열)': '포함', '전동시트(1열)': '포함', '가죽 시트': '포함', '전동식 트렁크': '포함', '선루프': '포함', '헤드업 디스플레이': '포함', '서라운드 뷰 모니터': '포함', '후방 모니터': '포함', '후측방 경보 시스템': '포함', '차선 이탈 경보': '포함', '스마트 크루즈 컨트롤': '포함', '전방 주차거리 경고': '포함'}",,,,,,,
HIG240820008398,2022 그랜저(IG) 하이브리드 르블랑,2022년,"37,599km",232러9214,양산,"3,490
만원","3,590
만원","100
만원 할인",2022.05.11,하이브리드,"2,359cc",크리미 화이트 펄,블랙/베이지(베이지시트),승용,5인승,2WD,자동,없음,없음,없음,있음,"{'내비게이션': '포함', '하이패스': '포함', '열선 스티어링 휠': '포함', '열선시트(1열/2열)': '포함', '통풍시트(1열)': '포함', '전동시트(1열)': '포함', '가죽 시트': '포함', '전동식 트렁크': '포함', '선루프': '포함', '헤드업 디스플레이': '포함', '서라운드 뷰 모니터': '포함', '후방 모니터': '포함', '후측방 경보 시스템': '포함', '차선 이탈 경보': '포함', '스마트 크루즈 컨트롤': '포함', '전방 주차거리 경고': '포함'}",,,,,,,
GJK241204010813,2023 GV70 가솔린 2.5 터보 AWD 시그니처 디자인 셀렉션Ⅱ,2022년,"12,243km",151모8175,양산,"5,240
만원",,,2022.11.13,가솔린,"2,497cc",카본 메탈,블랙모노톤,SUV,5인승,AWD,자동,없음,없음,없음,없음,"{'내비게이션': '포함', '하이패스': '포함', '열선 스티어링 휠': '포함', '열선시트(1열/2열)': '포함', '통풍시트(1열)': '포함', '전동시트(1열)': '포함', '가죽 시트': '포함', '전동식 트렁크': '포함', '선루프': '미포함', '헤드업 디스플레이': '포함', '서라운드 뷰 모니터': '포함', '후방 모니터': '포함', '후측방 경보 시스템': '포함', '차선 이탈 경보': '포함', '스마트 크루즈 컨트롤': '포함', '전방 주차거리 경고': '포함'}",,,,,,,
GJX241014009597,2024 GV80 Coupe 가솔린 3.5 터보 AWD 쿠페 디자인 셀렉션Ⅱ 카본,2023년,"11,124km",257도5428,양산,"8,190
만원",,,2023.11.20,가솔린,"3,470cc",카프리 블루,울트라마린블루/오렌지스티치,SUV,5인승,AWD,자동,없음,없음,1건,없음,"{'내비게이션': '포함', '하이패스': '포함', '열선 스티어링 휠': '포함', '열선시트(1열/2열)': '포함', '통풍시트(1열/2열)': '포함', '전동시트(1열/2열)': '포함', '가죽 시트': '포함', '전동식 트렁크': '포함', '선루프': '포함', '헤드업 디스플레이': '포함', '서라운드 뷰 모니터': '포함', '후방 모니터': '포함', '후측방 경보 시스템': '포함', '차선 이탈 경보': '포함', '스마트 크루즈 컨트롤': '포함', '전방 주차거리 경고': '포함'}",,,,,,,
GJJ240419005543,2021 G80 가솔린 3.5 터보 2WD 시그니처 디자인 셀렉션Ⅱ,2020년,"58,100km",232루5172,용인,"4,520
만원","4,870
만원","350
만원 할인",2020.06.24,가솔린,"3,470cc",비크 블랙,바닐라 베이지(애쉬 칼라 그라데이션),승용,5인승,2WD,자동,없음,없음,2건,있음,"{'내비게이션': '포함', '하이패스': '포함', '열선 스티어링 휠': '포함', '열선시트(1열/2열)': '포함', '통풍시트(1열)': '포함', '전동시트(1열)': '포함', '가죽 시트': '포함', '전동식 트렁크': '포함', '선루프': '포함', '헤드업 디스플레이': '포함', '서라운드 뷰 모니터': '포함', '후방 모니터': '포함', '후측방 경보 시스템': '포함', '차선 이탈 경보': '포함', '스마트 크루즈 컨트롤': '포함', '전방 주차거리 경고': '포함'}",,,,,,,
HIG241031010094,2023 그랜저(IG) 가솔린 2.5 르블랑,2022년,"18,395km",151우9347,용인,"3,250
만원",,,2022.07.06,가솔린,"2,497cc",미드나잇 블랙 펄,블랙/베이지(베이지시트),승용,5인승,2WD,자동,없음,없음,없음,없음,"{'내비게이션': '포함', '하이패스': '포함', '열선 스티어링 휠': '포함', '열선시트(1열/2열)': '포함', '통풍시트(1열)': '포함', '전동시트(1열)': '포함', '가죽 시트': '포함', '전동식 트렁크': '포함', '선루프': '포함', '헤드업 디스플레이': '포함', '서라운드 뷰 모니터': '포함', '후방 모니터': '포함', '후측방 경보 시스템': '포함', '차선 이탈 경보': '포함', '스마트 크루즈 컨트롤': '포함', '전방 주차거리 경고': '포함'}",,,,,,,
HIG241031010097,2021 그랜저(IG) 가솔린 2.5 익스클루시브,2021년,"37,982km",321우2862,용인,"2,990
만원",,,2021.02.07,가솔린,"2,497cc",크리미 화이트 펄,브라운,승용,5인승,2WD,자동,없음,없음,2건,없음,"{'내비게이션': '포함', '하이패스': '포함', '열선 스티어링 휠': '포함', '열선시트(1열/2열)': '포함', '통풍시트(1열)': '포함', '전동시트(1열)': '포함', '가죽 시트': '포함', '전동식 트렁크': '포함', '선루프': '미포함', '헤드업 디스플레이': '미포함', '서라운드 뷰 모니터': '포함', '후방 모니터': '포함', '후측방 경보 시스템': '포함', '차선 이탈 경보': '포함', '스마트 크루즈 컨트롤': '포함', '전방 주차거리 경고': '포함'}",,,,,,,
GJK241128010716,2023 GV70 가솔린 2.5 터보 2WD 시그니처 디자인 셀렉션Ⅰ,2022년,"27,069km",258주7498,양산,"4,900
만원",,,2022.11.17,가솔린,"2,497cc",우유니 화이트,하바나 브라운,SUV,5인승,2WD,자동,없음,없음,없음,없음,"{'내비게이션': '포함', '하이패스': '포함', '열선 스티어링 휠': '포함', '열선시트(1열/2열)': '포함', '통풍시트(1열)': '포함', '전동시트(1열)': '포함', '가죽 시트': '포함', '전동식 트렁크': '포함', '선루프': '미포함', '헤드업 디스플레이': '포함', '서라운드 뷰 모니터': '포함', '후방 모니터': '포함', '후측방 경보 시스템': '포함', '차선 이탈 경보': '포함', '스마트 크루즈 컨트롤': '포함', '전방 주차거리 경고': '포함'}",,,,,,,
GJX240910008844,2020 GV80 가솔린 2.5 터보 2WD 5인승 스탠다드 디자인,2021년,"43,966km",326거1553,용인,"5,000
만원","5,250
만원","250
만원 할인",2021.01.27,가솔린,"2,497cc",우유니 화이트,블랙모노톤,SUV,5인승,2WD,자동,없음,없음,1건,있음,"{'내비게이션': '포함', '하이패스': '포함', '열선 스티어링 휠': '포함', '열선시트(1열/2열)': '포함', '통풍시트(1열)': '포함', '전동시트(1열)': '포함', '가죽 시트': '포함', '전동식 트렁크': '포함', '선루프': '미포함', '헤드업 디스플레이': '미포함', '서라운드 뷰 모니터': '포함', '후방 모니터': '포함', '후측방 경보 시스템': '포함', '차선 이탈 경보': '포함', '스마트 크루즈 컨트롤': '포함', '전방 주차거리 경고': '포함'}",,,,,,,
HGN241007009475,2023 그랜저(GN7) 하이브리드 2WD 캘리그래피,2024년,"8,912km",335소1617,용인,"4,890
만원","4,990
만원","100
만원 할인",2024.02.14,하이브리드,"1,598cc",어비스블랙펄,블랙모노톤(블랙잉크),승용,5인승,2WD,자동,없음,없음,없음,없음,"{'내비게이션': '포함', '하이패스': '포함', '열선 스티어링 휠': '포함', '열선시트(1열/2열)': '포함', '통풍시트(1열)': '포함', '전동시트(1열)': '포함', '가죽 시트': '포함', '전동식 트렁크': '포함', '선루프': '미포함', '헤드업 디스플레이': '포함', '서라운드 뷰 모니터': '포함', '후방 모니터': '포함', '후측방 경보 시스템': '포함', '차선 이탈 경보': '포함', '스마트 크루즈 컨트롤': '포함', '전방 주차거리 경고': '포함'}",,,,,,,
HNX240919008990,2023 투싼(NX4) 하이브리드 2WD 인스퍼레이션,2022년,"27,817km",110보5382,양산,"3,430
만원","3,530
만원","100
만원 할인",2022.08.22,하이브리드,"1,598cc",아마존 그레이 메탈릭,블랙모노톤,SUV,5인승,2WD,자동,없음,없음,1건,없음,"{'내비게이션': '포함', '하이패스': '포함', '열선 스티어링 휠': '포함', '열선시트(1열/2열)': '포함', '통풍시트(1열)': '포함', '전동시트(1열)': '포함', '가죽 시트': '포함', '전동식 트렁크': '포함', '선루프': '미포함', '헤드업 디스플레이': '미포함', '서라운드 뷰 모니터': '포함', '후방 모니터': '포함', '후측방 경보 시스템': '포함', '차선 이탈 경보': '포함', '스마트 크루즈 컨트롤': '포함', '전방 주차거리 경고': '포함'}",,,,,,,
GJK240829008565,2023 GV70 가솔린 2.5 터보 AWD 시그니처 디자인 셀렉션Ⅱ,2022년,"12,727km",107더8928,용인,"5,530
만원","5,680
만원","150
만원 할인",2022.08.01,가솔린,"2,497cc",우유니 화이트,바닐라베이지투톤,SUV,5인승,AWD,자동,없음,없음,1건,없음,"{'내비게이션': '포함', '하이패스': '포함', '열선 스티어링 휠': '포함', '열선시트(1열/2열)': '포함', '통풍시트(1열/2열)': '포함', '전동시트(1열)': '포함', '가죽 시트': '포함', '전동식 트렁크': '포함', '선루프': '포함', '헤드업 디스플레이': '포함', '서라운드 뷰 모니터': '포함', '후방 모니터': '포함', '후측방 경보 시스템': '포함', '차선 이탈 경보': '포함', '스마트 크루즈 컨트롤': '포함', '전방 주차거리 경고': '포함'}",,,,,,,
HNX240918008979,2023 투싼(NX4) 하이브리드 2WD 인스퍼레이션,2022년,"30,624km",353저1109,양산,"3,510
만원","3,610
만원","100
만원 할인",2022.09.14,하이브리드,"1,598cc",크리미 화이트 펄,블랙모노톤,SUV,5인승,2WD,자동,없음,없음,없음,없음,"{'내비게이션': '포함', '하이패스': '포함', '열선 스티어링 휠': '포함', '열선시트(1열/2열)': '포함', '통풍시트(1열)': '포함', '전동시트(1열)': '포함', '가죽 시트': '포함', '전동식 트렁크': '포함', '선루프': '포함', '헤드업 디스플레이': '미포함', '서라운드 뷰 모니터': '포함', '후방 모니터': '포함', '후측방 경보 시스템': '포함', '차선 이탈 경보': '포함', '스마트 크루즈 컨트롤': '포함', '전방 주차거리 경고': '포함'}",,,,,,,
GJJ241129010732,2023 G80 가솔린 2.5 터보 2WD 시그니처 디자인 셀렉션Ⅰ,2022년,"20,019km",234우8541,용인,"4,990
만원",,,2022.11.24,가솔린,"2,497cc",비크 블랙,블랙모노톤,승용,5인승,2WD,자동,없음,없음,없음,없음,"{'내비게이션': '포함', '하이패스': '포함', '열선 스티어링 휠': '포함', '열선시트(1열/2열)': '포함', '통풍시트(1열)': '포함', '전동시트(1열)': '포함', '가죽 시트': '포함', '전동식 트렁크': '포함', '선루프': '미포함', '헤드업 디스플레이': '포함', '서라운드 뷰 모니터': '포함', '후방 모니터': '포함', '후측방 경보 시스템': '포함', '차선 이탈 경보': '포함', '스마트 크루즈 컨트롤': '포함', '전방 주차거리 경고': '포함'}",,,,,,,
HIG241211011002,2022 그랜저(IG) 가솔린 2.5 르블랑,2022년,"47,822km",131소5905,용인,"2,880
만원",,,2022.05.23,가솔린,"2,497cc",미드나잇 블랙 펄,블랙/베이지(베이지시트),승용,5인승,2WD,자동,없음,없음,없음,있음,"{'내비게이션': '포함', '하이패스': '포함', '열선 스티어링 휠': '포함', '열선시트(1열/2열)': '포함', '통풍시트(1열)': '포함', '전동시트(1열)': '포함', '가죽 시트': '포함', '전동식 트렁크': '포함', '선루프': '미포함', '헤드업 디스플레이': '미포함', '서라운드 뷰 모니터': '포함', '후방 모니터': '포함', '후측방 경보 시스템': '포함', '차선 이탈 경보': '포함', '스마트 크루즈 컨트롤': '포함', '전방 주차거리 경고': '포함'}",,,,,,,
GJX241211011006,2022 GV80 가솔린 2.5 터보 AWD 6인승 시그니처 디자인 셀렉션Ⅱ,2022년,"38,636km",131소5998,용인,"6,370
만원",,,2022.02.27,가솔린,"2,497cc",우유니 화이트,브라운/베이지 투톤(올리브 애쉬),SUV,6인승,AWD,자동,없음,없음,없음,있음,"{'내비게이션': '포함', '하이패스': '포함', '열선 스티어링 휠': '포함', '열선시트(1열/2열)': '포함', '통풍시트(1열/2열)': '포함', '전동시트(1열/2열)': '포함', '가죽 시트': '포함', '전동식 트렁크': '포함', '선루프': '포함', '헤드업 디스플레이': '포함', '서라운드 뷰 모니터': '포함', '후방 모니터': '포함', '후측방 경보 시스템': '포함', '차선 이탈 경보': '포함', '스마트 크루즈 컨트롤': '포함', '전방 주차거리 경고': '포함'}",,,,,,,
HOS241126010697,2023 코나(OS) 하이브리드 모던,2022년,"12,884km",112서2624,양산,"2,770
만원",,,2022.09.15,하이브리드,"1,580cc",아틀라스 화이트,블랙,SUV,5인승,2WD,자동 (DCT),없음,없음,없음,없음,"{'내비게이션': '포함', '하이패스': '포함', '열선 스티어링 휠': '포함', '열선시트(1열/2열)': '포함', '통풍시트(1열)': '포함', '전동시트(1열)': '포함', '가죽 시트': '미포함', '전동식 트렁크': '미포함', '선루프': '미포함', '헤드업 디스플레이': '포함', '서라운드 뷰 모니터': '미포함', '후방 모니터': '포함', '후측방 경보 시스템': '포함', '차선 이탈 경보': '포함', '스마트 크루즈 컨트롤': '포함', '전방 주차거리 경고': '포함'}",,,,,,,
GJJ240620006900,2022 G80 가솔린 2.5 터보 2WD 스탠다드 디자인,2022년,"34,968km",228더8148,용인,"4,390
만원","4,640
만원","250
만원 할인",2022.05.02,가솔린,"2,497cc",비크 블랙,블랙모노톤,승용,5인승,2WD,자동,없음,없음,1건,있음,"{'내비게이션': '포함', '하이패스': '포함', '열선 스티어링 휠': '포함', '열선시트(1열/2열)': '포함', '통풍시트(1열/2열)': '포함', '전동시트(1열/2열)': '포함', '가죽 시트': '포함', '전동식 트렁크': '포함', '선루프': '미포함', '헤드업 디스플레이': '미포함', '서라운드 뷰 모니터': '미포함', '후방 모니터': '포함', '후측방 경보 시스템': '포함', '차선 이탈 경보': '포함', '스마트 크루즈 컨트롤': '포함', '전방 주차거리 경고': '포함'}",,,,,,,
GJV241217011109,2022 Electrified GV70 AWD 스탠다드 디자인,2022년,"18,717km",40구5211,용인,"5,600
만원",,,2022.06.28,전기,-,우유니 화이트,블랙모노톤,EV,5인승,AWD,,없음,없음,없음,없음,"{'내비게이션': '포함', '하이패스': '포함', '열선 스티어링 휠': '포함', '열선시트(1열/2열)': '포함', '통풍시트(1열)': '포함', '전동시트(1열)': '포함', '가죽 시트': '포함', '전동식 트렁크': '포함', '선루프': '미포함', '헤드업 디스플레이': '미포함', '서라운드 뷰 모니터': '포함', '후방 모니터': '포함', '후측방 경보 시스템': '포함', '차선 이탈 경보': '포함', '스마트 크루즈 컨트롤': '포함', '전방 주차거리 경고': '포함'}",77.4,697.0/111.2,320.0,700.0,400.0,,
HTM240820008420,2021 싼타페(TM) 디젤 2.2 2WD 5인승 프레스티지,2021년,"15,475km",107소7363,양산,"3,100
만원","3,300
만원","200
만원 할인",2021.02.08,디젤,"2,151cc",크리미 화이트 펄,블랙모노톤,SUV,5인승,2WD,자동 (DCT),없음,없음,없음,없음,"{'내비게이션': '포함', '하이패스': '포함', '열선 스티어링 휠': '포함', '열선시트(1열/2열)': '포함', '통풍시트(1열)': '포함', '전동시트(1열)': '포함', '가죽 시트': '포함', '전동식 트렁크': '포함', '선루프': '미포함', '헤드업 디스플레이': '미포함', '서라운드 뷰 모니터': '미포함', '후방 모니터': '포함', '후측방 경보 시스템': '포함', '차선 이탈 경보': '포함', '스마트 크루즈 컨트롤': '포함', '전방 주차거리 경고': '포함'}",,,,,,,
HMX241107010292,2024 싼타페(MX5) 가솔린 2.5 터보 2WD 7인승 캘리그래피,2023년,"21,795km",235우3644,용인,"4,130
만원",,,2023.08.20,가솔린,"2,497cc",어비스블랙펄,라이트베이지투톤(캘리그래피),SUV,7인승,2WD,자동 (DCT),없음,없음,없음,없음,"{'내비게이션': '포함', '하이패스': '포함', '열선 스티어링 휠': '포함', '열선시트(1열/2열)': '포함', '통풍시트(1열)': '포함', '전동시트(1열)': '포함', '가죽 시트': '포함', '전동식 트렁크': '포함', '선루프': '포함', '헤드업 디스플레이': '포함', '서라운드 뷰 모니터': '포함', '후방 모니터': '포함', '후측방 경보 시스템': '포함', '차선 이탈 경보': '포함', '스마트 크루즈 컨트롤': '포함', '전방 주차거리 경고': '포함'}",,,,,,,
HLX240724007945,2023 팰리세이드(LX2) 가솔린 3.8 AWD 7인승 캘리그래피,2022년,"13,005km",323머3106,용인,"4,500
만원","4,800
만원","300
만원 할인",2022.06.23,가솔린,"3,778cc",크리미 화이트 펄,브라운,SUV,7인승,AWD,자동,없음,없음,없음,없음,"{'내비게이션': '포함', '하이패스': '포함', '열선 스티어링 휠': '포함', '열선시트(1열/2열)': '포함', '통풍시트(1열/2열)': '포함', '전동시트(1열)': '포함', '가죽 시트': '포함', '전동식 트렁크': '포함', '선루프': '미포함', '헤드업 디스플레이': '포함', '서라운드 뷰 모니터': '포함', '후방 모니터': '포함', '후측방 경보 시스템': '포함', '차선 이탈 경보': '포함', '스마트 크루즈 컨트롤': '포함', '전방 주차거리 경고': '포함'}",,,,,,,
GJX240910008847,2020 GV80 가솔린 3.5 터보 AWD 5인승 시그니처 디자인 셀렉션Ⅱ,2020년,"43,867km",171노9367,용인,"5,610
만원","5,860
만원","250
만원 할인",2020.07.12,가솔린,"3,470cc",브런즈윅 그린(무광),블루/듄 베이지 투톤(올리브애쉬),SUV,5인승,AWD,자동,없음,없음,1건,있음,"{'내비게이션': '포함', '하이패스': '포함', '열선 스티어링 휠': '포함', '열선시트(1열/2열)': '포함', '통풍시트(1열/2열)': '포함', '전동시트(1열/2열)': '포함', '가죽 시트': '포함', '전동식 트렁크': '포함', '선루프': '포함', '헤드업 디스플레이': '포함', '서라운드 뷰 모니터': '포함', '후방 모니터': '포함', '후측방 경보 시스템': '포함', '차선 이탈 경보': '포함', '스마트 크루즈 컨트롤': '포함', '전방 주차거리 경고': '포함'}",,,,,,,
GJX241223011159,2024 GV80 가솔린 2.5 터보 AWD 5인승 스탠다드 디자인,2024년,"27,931km",278나7720,양산,"6,520
만원",,,2024.04.18,가솔린,"2,497cc",마칼루 그레이,스모키그린/어스브라운,SUV,5인승,AWD,자동,없음,없음,없음,있음,"{'내비게이션': '포함', '하이패스': '포함', '열선 스티어링 휠': '포함', '열선시트(1열/2열)': '포함', '통풍시트(1열)': '포함', '전동시트(1열)': '포함', '가죽 시트': '포함', '전동식 트렁크': '포함', '선루프': '미포함', '헤드업 디스플레이': '포함', '서라운드 뷰 모니터': '포함', '후방 모니터': '포함', '후측방 경보 시스템': '포함', '차선 이탈 경보': '포함', '스마트 크루즈 컨트롤': '포함', '전방 주차거리 경고': '포함'}",,,,,,,
GJX241014009576,2023 GV80 가솔린 2.5 터보 AWD 5인승 시그니처 디자인 셀렉션Ⅱ,2023년,"29,212km",228너7066,용인,"6,150
만원",,,2023.04.26,가솔린,"2,497cc",카디프 그린,브라운/베이지 투톤(메탈릭 포어 필),SUV,5인승,AWD,자동,없음,없음,없음,있음,"{'내비게이션': '포함', '하이패스': '포함', '열선 스티어링 휠': '포함', '열선시트(1열/2열)': '포함', '통풍시트(1열/2열)': '포함', '전동시트(1열/2열)': '포함', '가죽 시트': '포함', '전동식 트렁크': '포함', '선루프': '미포함', '헤드업 디스플레이': '포함', '서라운드 뷰 모니터': '포함', '후방 모니터': '포함', '후측방 경보 시스템': '포함', '차선 이탈 경보': '포함', '스마트 크루즈 컨트롤': '포함', '전방 주차거리 경고': '포함'}",,,,,,,
GJJ241004009438,2022 G80 가솔린 2.5 터보 AWD 시그니처 디자인 셀렉션Ⅱ,2021년,"90,427km",161어9739,양산,"4,410
만원",,,2021.09.15,가솔린,"2,497cc",우유니 화이트,바닐라 베이지(애쉬 메탈릭 그라데이션),승용,5인승,AWD,자동,없음,없음,없음,있음,"{'내비게이션': '포함', '하이패스': '포함', '열선 스티어링 휠': '포함', '열선시트(1열/2열)': '포함', '통풍시트(1열)': '포함', '전동시트(1열)': '포함', '가죽 시트': '포함', '전동식 트렁크': '포함', '선루프': '미포함', '헤드업 디스플레이': '포함', '서라운드 뷰 모니터': '포함', '후방 모니터': '포함', '후측방 경보 시스템': '포함', '차선 이탈 경보': '포함', '스마트 크루즈 컨트롤': '포함', '전방 주차거리 경고': '포함'}",,,,,,,
GJJ240919008986,2022 G80 가솔린 2.5 터보 AWD 스탠다드 디자인,2022년,"21,953km",368마6594,양산,"4,990
만원","5,390
만원","400
만원 할인",2022.09.15,가솔린,"2,497cc",마칼루 그레이,블랙모노톤,승용,5인승,AWD,자동,없음,없음,1건,없음,"{'내비게이션': '포함', '하이패스': '포함', '열선 스티어링 휠': '포함', '열선시트(1열/2열)': '포함', '통풍시트(1열)': '포함', '전동시트(1열)': '포함', '가죽 시트': '포함', '전동식 트렁크': '포함', '선루프': '포함', '헤드업 디스플레이': '포함', '서라운드 뷰 모니터': '포함', '후방 모니터': '포함', '후측방 경보 시스템': '포함', '차선 이탈 경보': '포함', '스마트 크루즈 컨트롤': '포함', '전방 주차거리 경고': '포함'}",,,,,,,
GJJ241111010369,2021 G80 가솔린 2.5 터보 AWD 스탠다드 디자인,2020년,"40,494km",334구2933,군산,"4,190
만원",,,2020.10.22,가솔린,"2,497cc",카본 메탈,블랙모노톤,승용,5인승,AWD,자동,없음,없음,없음,없음,"{'내비게이션': '포함', '하이패스': '포함', '열선 스티어링 휠': '포함', '열선시트(1열/2열)': '포함', '통풍시트(1열)': '포함', '전동시트(1열)': '포함', '가죽 시트': '포함', '전동식 트렁크': '포함', '선루프': '포함', '헤드업 디스플레이': '포함', '서라운드 뷰 모니터': '미포함', '후방 모니터': '포함', '후측방 경보 시스템': '포함', '차선 이탈 경보': '포함', '스마트 크루즈 컨트롤': '포함', '전방 주차거리 경고': '포함'}",,,,,,,
HGN240815008283,2023 그랜저(GN7) 가솔린 3.5 AWD 캘리그래피,2023년,"5,952km",249조9125,양산,"4,310
만원","4,660
만원","350
만원 할인",2023.11.05,가솔린,"3,470cc",어비스블랙펄,인디고/그레이투톤(캘리그래피),승용,5인승,AWD,자동,없음,없음,1건,없음,"{'내비게이션': '포함', '하이패스': '포함', '열선 스티어링 휠': '포함', '열선시트(1열/2열)': '포함', '통풍시트(1열/2열)': '포함', '전동시트(1열)': '포함', '가죽 시트': '포함', '전동식 트렁크': '포함', '선루프': '미포함', '헤드업 디스플레이': '포함', '서라운드 뷰 모니터': '포함', '후방 모니터': '포함', '후측방 경보 시스템': '포함', '차선 이탈 경보': '포함', '스마트 크루즈 컨트롤': '포함', '전방 주차거리 경고': '포함'}",,,,,,,
HCN241031010100,2023 아반떼(CN7) 하이브리드 모던,2023년,"76,209km",159누6766,양산,"2,200
만원",,,2023.04.03,하이브리드,"1,580cc",아틀라스 화이트,블랙모노톤,승용,5인승,2WD,자동 (DCT),없음,없음,없음,있음,"{'내비게이션': '포함', '하이패스': '미포함', '열선 스티어링 휠': '포함', '열선 시트 (1열)': '포함', '통풍시트(1열)': '포함', '전동 시트 (운전석)': '미포함', '가죽 시트': '미포함', '전동식 트렁크': '미포함', '선루프': '미포함', '헤드업 디스플레이': '미포함', '서라운드 뷰 모니터': '미포함', '후방 모니터': '포함', '후측방 경보 시스템': '포함', '차선 이탈 경보': '포함', '스마트 크루즈 컨트롤': '포함', '전방 주차거리 경고': '포함'}",,,,,,,
GJJ240930009281,2021 G80 가솔린 3.5 터보 AWD 시그니처 디자인 셀렉션Ⅱ,2020년,"79,876km",164더8849,양산,"4,150
만원",,,2020.07.16,가솔린,"3,470cc",비크 블랙,블랙모노톤(애쉬 칼라 그라데이션),승용,5인승,AWD,자동,없음,없음,1건,있음,"{'내비게이션': '포함', '하이패스': '포함', '열선 스티어링 휠': '포함', '열선시트(1열/2열)': '포함', '통풍시트(1열)': '포함', '전동시트(1열)': '포함', '가죽 시트': '포함', '전동식 트렁크': '포함', '선루프': '포함', '헤드업 디스플레이': '포함', '서라운드 뷰 모니터': '포함', '후방 모니터': '포함', '후측방 경보 시스템': '포함', '차선 이탈 경보': '포함', '스마트 크루즈 컨트롤': '포함', '전방 주차거리 경고': '포함'}",,,,,,,
GJX240910008842,2020 GV80 가솔린 3.5 터보 AWD 5인승 시그니처 디자인 셀렉션Ⅱ,2020년,"93,736km",287라2831,용인,"4,860
만원","5,110
만원","250
만원 할인",2020.08.24,가솔린,"3,470cc",비크 블랙,블루/듄 베이지 투톤(버취),SUV,5인승,AWD,자동,없음,없음,없음,있음,"{'내비게이션': '포함', '하이패스': '포함', '열선 스티어링 휠': '포함', '열선시트(1열/2열)': '포함', '통풍시트(1열/2열)': '포함', '전동시트(1열/2열)': '포함', '가죽 시트': '포함', '전동식 트렁크': '포함', '선루프': '미포함', '헤드업 디스플레이': '포함', '서라운드 뷰 모니터': '포함', '후방 모니터': '포함', '후측방 경보 시스템': '포함', '차선 이탈 경보': '포함', '스마트 크루즈 컨트롤': '포함', '전방 주차거리 경고': '포함'}",,,,,,,
GJX240927009089,2021 GV80 가솔린 3.5 터보 AWD 7인승 시그니처 디자인 셀렉션Ⅱ,2021년,"49,652km",192더7459,용인,"6,190
만원",,,2021.03.18,가솔린,"3,470cc",골드코스트 실버,블랙모노톤(블랙 애쉬),SUV,7인승,AWD,자동,없음,없음,없음,없음,"{'내비게이션': '포함', '하이패스': '포함', '열선 스티어링 휠': '포함', '열선시트(1열/2열)': '포함', '통풍시트(1열/2열)': '포함', '전동시트(1열/2열)': '포함', '가죽 시트': '포함', '전동식 트렁크': '포함', '선루프': '미포함', '헤드업 디스플레이': '포함', '서라운드 뷰 모니터': '포함', '후방 모니터': '포함', '후측방 경보 시스템': '포함', '차선 이탈 경보': '포함', '스마트 크루즈 컨트롤': '포함', '전방 주차거리 경고': '포함'}",,,,,,,
HCN241029010036,2023 아반떼(CN7) 하이브리드 모던,2022년,"12,760km",168머7348,양산,"2,340
만원",,,2022.08.17,하이브리드,"1,580cc",폴라 화이트,블랙모노톤,승용,5인승,2WD,자동 (DCT),없음,없음,없음,있음,"{'내비게이션': '포함', '하이패스': '미포함', '열선 스티어링 휠': '포함', '열선 시트 (1열)': '포함', '통풍시트(1열)': '포함', '전동 시트 (운전석)': '미포함', '가죽 시트': '미포함', '전동식 트렁크': '미포함', '선루프': '미포함', '헤드업 디스플레이': '미포함', '서라운드 뷰 모니터': '미포함', '후방 모니터': '포함', '후측방 경보 시스템': '미포함', '차선 이탈 경보': '포함', '스마트 크루즈 컨트롤': '포함', '전방 주차거리 경고': '미포함'}",,,,,,,
HIG241125010626,2020 그랜저(IG) 가솔린 2.5 캘리그래피,2020년,"49,220km",377오5472,용인,"3,050
만원",,,2020.03.12,가솔린,"2,497cc",미드나잇 블랙 펄,블랙모노톤,승용,5인승,2WD,자동,없음,없음,없음,없음,"{'내비게이션': '포함', '하이패스': '포함', '열선 스티어링 휠': '포함', '열선시트(1열/2열)': '포함', '통풍시트(1열)': '포함', '전동시트(1열)': '포함', '가죽 시트': '포함', '전동식 트렁크': '포함', '선루프': '미포함', '헤드업 디스플레이': '포함', '서라운드 뷰 모니터': '포함', '후방 모니터': '포함', '후측방 경보 시스템': '포함', '차선 이탈 경보': '포함', '스마트 크루즈 컨트롤': '포함', '전방 주차거리 경고': '포함'}",,,,,,,
GJU240814008248,2021 G70 가솔린 2.0 터보 AWD 스포츠 스탠다드 디자인,2021년,"7,489km",352가1632,양산,"4,260
만원","4,510
만원","250
만원 할인",2021.05.24,가솔린,"1,998cc",태즈먼 블루,블랙/레드 투톤(레드시트),승용,5인승,AWD,자동,없음,없음,없음,없음,"{'내비게이션': '포함', '하이패스': '포함', '열선 스티어링 휠': '포함', '열선시트(1열/2열)': '포함', '통풍시트(1열)': '포함', '전동시트(1열)': '포함', '가죽 시트': '포함', '전동식 트렁크': '포함', '선루프': '포함', '헤드업 디스플레이': '포함', '서라운드 뷰 모니터': '포함', '후방 모니터': '포함', '후측방 경보 시스템': '포함', '차선 이탈 경보': '포함', '스마트 크루즈 컨트롤': '포함', '전방 주차거리 경고': '포함'}",,,,,,,
GJU241119010592,2021 G70 가솔린 2.0 터보 AWD 천연가죽 패키지,2021년,"19,755km",259가7322,용인,"3,660
만원",,,2021.04.01,가솔린,"1,998cc",우유니 화이트,벨벳버건디투톤(벨벳버건디시트),승용,5인승,AWD,자동,없음,없음,3건,없음,"{'내비게이션': '포함', '하이패스': '포함', '열선 스티어링 휠': '포함', '열선시트(1열/2열)': '포함', '통풍시트(1열)': '포함', '전동시트(1열)': '포함', '가죽 시트': '포함', '전동식 트렁크': '포함', '선루프': '미포함', '헤드업 디스플레이': '포함', '서라운드 뷰 모니터': '미포함', '후방 모니터': '포함', '후측방 경보 시스템': '포함', '차선 이탈 경보': '포함', '스마트 크루즈 컨트롤': '포함', '전방 주차거리 경고': '포함'}",,,,,,,
HIG240905008763,2023 그랜저(IG) 하이브리드 르블랑,2022년,"23,321km",106저1868,양산,"3,650
만원","3,750
만원","100
만원 할인",2022.09.01,하이브리드,"2,359cc",세레니티 화이트 펄,블랙/베이지(베이지시트),승용,5인승,2WD,자동,없음,없음,1건,없음,"{'내비게이션': '포함', '하이패스': '포함', '열선 스티어링 휠': '포함', '열선시트(1열/2열)': '포함', '통풍시트(1열)': '포함', '전동시트(1열)': '포함', '가죽 시트': '포함', '전동식 트렁크': '포함', '선루프': '미포함', '헤드업 디스플레이': '포함', '서라운드 뷰 모니터': '포함', '후방 모니터': '포함', '후측방 경보 시스템': '포함', '차선 이탈 경보': '포함', '스마트 크루즈 컨트롤': '포함', '전방 주차거리 경고': '포함'}",,,,,,,
GJJ241211010992,2022 G80 가솔린 2.5 터보 AWD 스탠다드 디자인,2021년,"46,285km",131소5991,용인,"4,060
만원",,,2021.10.11,가솔린,"2,497cc",비크 블랙,블랙모노톤,승용,5인승,AWD,자동,없음,없음,없음,있음,"{'내비게이션': '포함', '하이패스': '포함', '열선 스티어링 휠': '포함', '열선시트(1열/2열)': '포함', '통풍시트(1열)': '포함', '전동시트(1열)': '포함', '가죽 시트': '포함', '전동식 트렁크': '포함', '선루프': '미포함', '헤드업 디스플레이': '미포함', '서라운드 뷰 모니터': '미포함', '후방 모니터': '포함', '후측방 경보 시스템': '포함', '차선 이탈 경보': '포함', '스마트 크루즈 컨트롤': '포함', '전방 주차거리 경고': '포함'}",,,,,,,
GJJ240415005478,2022 G80 가솔린 2.5 터보 AWD 스포츠 디자인 셀렉션,2022년,"16,819km",212라6316,용인,"5,950
만원","6,100
만원","150
만원 할인",2022.04.05,가솔린,"2,497cc",태즈먼 블루,바닐라 베이지 위빙,승용,5인승,AWD,자동,없음,없음,없음,없음,"{'내비게이션': '포함', '하이패스': '포함', '열선 스티어링 휠': '포함', '열선시트(1열/2열)': '포함', '통풍시트(1열)': '포함', '전동시트(1열)': '포함', '가죽 시트': '포함', '전동식 트렁크': '포함', '선루프': '미포함', '헤드업 디스플레이': '포함', '서라운드 뷰 모니터': '포함', '후방 모니터': '포함', '후측방 경보 시스템': '포함', '차선 이탈 경보': '포함', '스마트 크루즈 컨트롤': '포함', '전방 주차거리 경고': '포함'}",,,,,,,
HCN241030010073,2022 아반떼(CN7) 가솔린 1.6 인스퍼레이션,2021년,"6,531km",214거5033,양산,"2,230
만원",,,2021.11.16,가솔린,"1,598cc",팬텀 블랙 펄,블랙모노톤,승용,5인승,2WD,자동 (IVT),없음,없음,1건,없음,"{'내비게이션': '포함', '하이패스': '포함', '열선 스티어링 휠': '포함', '열선시트(1열/2열)': '포함', '통풍시트(1열)': '포함', '전동 시트 (운전석)': '포함', '가죽 시트': '포함', '전동식 트렁크': '미포함', '선루프': '미포함', '헤드업 디스플레이': '미포함', '서라운드 뷰 모니터': '미포함', '후방 모니터': '포함', '후측방 경보 시스템': '포함', '차선 이탈 경보': '포함', '스마트 크루즈 컨트롤': '포함', '전방 주차거리 경고': '포함'}",,,,,,,
GJP240819008358,2023 G90 가솔린 3.5 터보 AWD 4인승 스탠다드 디자인,2022년,"71,268km",389우6144,용인,"7,460
만원","7,860
만원","400
만원 할인",2022.12.04,가솔린,"3,470cc",비크 블랙,블랙/브라운,승용,4인승,AWD,자동,없음,없음,2건,있음,"{'내비게이션': '포함', '하이패스': '포함', '열선 스티어링 휠': '포함', '열선시트(1열/2열)': '포함', '통풍시트(1열/2열)': '포함', '전동시트(1열/2열)': '포함', '가죽 시트': '포함', '전동식 트렁크': '포함', '선루프': '포함', '헤드업 디스플레이': '포함', '서라운드 뷰 모니터': '포함', '후방 모니터': '포함', '후측방 경보 시스템': '포함', '차선 이탈 경보': '포함', '스마트 크루즈 컨트롤': '포함', '전방 주차거리 경고': '포함'}",,,,,,,
GJJ240628007208,2021 G80 가솔린 3.5 터보 AWD 시그니처 디자인 셀렉션Ⅱ,2021년,"14,578km",215어5602,용인,"5,290
만원","5,590
만원","300
만원 할인",2021.04.12,가솔린,"3,470cc",비크 블랙,블랙모노톤(애쉬 메탈릭 그라데이션),승용,5인승,AWD,자동,없음,없음,없음,있음,"{'내비게이션': '포함', '하이패스': '포함', '열선 스티어링 휠': '포함', '열선시트(1열/2열)': '포함', '통풍시트(1열)': '포함', '전동시트(1열)': '포함', '가죽 시트': '포함', '전동식 트렁크': '포함', '선루프': '포함', '헤드업 디스플레이': '포함', '서라운드 뷰 모니터': '포함', '후방 모니터': '포함', '후측방 경보 시스템': '포함', '차선 이탈 경보': '포함', '스마트 크루즈 컨트롤': '포함', '전방 주차거리 경고': '포함'}",,,,,,,
GJJ240915008969,2021 G80 가솔린 3.5 터보 AWD 시그니처 디자인 셀렉션Ⅱ,2020년,"86,112km",256누7420,군산,"4,100
만원","4,300
만원","200
만원 할인",2020.05.24,가솔린,"3,470cc",태즈먼 블루,바닐라 베이지(유칼립투스),승용,5인승,AWD,자동,없음,없음,없음,없음,"{'내비게이션': '포함', '하이패스': '포함', '열선 스티어링 휠': '포함', '열선시트(1열/2열)': '포함', '통풍시트(1열/2열)': '포함', '전동시트(1열/2열)': '포함', '가죽 시트': '포함', '전동식 트렁크': '포함', '선루프': '미포함', '헤드업 디스플레이': '포함', '서라운드 뷰 모니터': '포함', '후방 모니터': '포함', '후측방 경보 시스템': '포함', '차선 이탈 경보': '포함', '스마트 크루즈 컨트롤': '포함', '전방 주차거리 경고': '포함'}",,,,,,,
GJX241004009446,2020 GV80 가솔린 3.5 터보 AWD 7인승 시그니처 디자인 셀렉션Ⅱ,2020년,"9,460km",382저2700,용인,"6,790
만원",,,2020.06.18,가솔린,"3,470cc",로얄 블루,블랙모노톤(올리브 애쉬),SUV,7인승,AWD,자동,없음,없음,없음,없음,"{'내비게이션': '포함', '하이패스': '포함', '열선 스티어링 휠': '포함', '열선시트(1열/2열)': '포함', '통풍시트(1열/2열)': '포함', '전동시트(1열/2열)': '포함', '가죽 시트': '포함', '전동식 트렁크': '포함', '선루프': '포함', '헤드업 디스플레이': '포함', '서라운드 뷰 모니터': '포함', '후방 모니터': '포함', '후측방 경보 시스템': '포함', '차선 이탈 경보': '포함', '스마트 크루즈 컨트롤': '포함', '전방 주차거리 경고': '포함'}",,,,,,,
HDN240626007102,2022 쏘나타(DN8) 가솔린 2.5 터보 N Line 더 블랙,2021년,"51,116km",176오8832,양산,"2,710
만원","2,810
만원","100
만원 할인",2021.10.14,가솔린,"2,497cc",미드나잇 블랙 펄,다크그레이+레드엑센,승용,5인승,2WD,자동 (DCT),없음,없음,없음,있음,"{'내비게이션': '포함', '하이패스': '포함', '열선 스티어링 휠': '포함', '열선 시트 (1열)': '포함', '통풍시트(1열)': '포함', '전동 시트 (운전석)': '포함', '가죽 시트': '포함', '전동식 트렁크': '미포함', '선루프': '미포함', '헤드업 디스플레이': '미포함', '서라운드 뷰 모니터': '미포함', '후방 모니터': '포함', '후측방 경보 시스템': '포함', '차선 이탈 경보': '포함', '스마트 크루즈 컨트롤': '포함', '전방 주차거리 경고': '포함'}",,,,,,,
HDN240831008637,2023 쏘나타(DN8) 하이브리드 인스퍼레이션,2022년,"47,511km",180다3455,양산,"3,160
만원","3,260
만원","100
만원 할인",2022.09.29,하이브리드,"1,999cc",녹턴 그레이 메탈릭,카멜,승용,5인승,2WD,자동,없음,없음,1건,없음,"{'내비게이션': '포함', '하이패스': '포함', '열선 스티어링 휠': '포함', '열선시트(1열/2열)': '포함', '통풍시트(1열)': '포함', '전동시트(1열)': '포함', '가죽 시트': '포함', '전동식 트렁크': '미포함', '선루프': '포함', '헤드업 디스플레이': '포함', '서라운드 뷰 모니터': '포함', '후방 모니터': '포함', '후측방 경보 시스템': '포함', '차선 이탈 경보': '포함', '스마트 크루즈 컨트롤': '포함', '전방 주차거리 경고': '포함'}",,,,,,,
GJJ241028009978,2021 G80 가솔린 3.5 터보 AWD 스탠다드 디자인,2020년,"43,725km",334오4564,용인,"4,100
만원",,,2020.08.25,가솔린,"3,470cc",비크 블랙,블랙모노톤,승용,5인승,AWD,자동,없음,없음,2건,없음,"{'내비게이션': '포함', '하이패스': '포함', '열선 스티어링 휠': '포함', '열선시트(1열/2열)': '포함', '통풍시트(1열)': '포함', '전동시트(1열)': '포함', '가죽 시트': '포함', '전동식 트렁크': '포함', '선루프': '미포함', '헤드업 디스플레이': '미포함', '서라운드 뷰 모니터': '포함', '후방 모니터': '포함', '후측방 경보 시스템': '포함', '차선 이탈 경보': '포함', '스마트 크루즈 컨트롤': '포함', '전방 주차거리 경고': '포함'}",,,,,,,
GJK240909008831,2023 GV70 가솔린 2.5 터보 AWD 스포츠 디자인 셀렉션Ⅱ,2022년,"25,055km",151부6893,용인,"5,050
만원","5,200
만원","150
만원 할인",2022.08.30,가솔린,"2,497cc",세빌 실버,옵시디언블랙/울트라마린블루투톤,SUV,5인승,AWD,자동,없음,없음,없음,없음,"{'내비게이션': '포함', '하이패스': '포함', '열선 스티어링 휠': '포함', '열선시트(1열/2열)': '포함', '통풍시트(1열)': '포함', '전동시트(1열)': '포함', '가죽 시트': '포함', '전동식 트렁크': '포함', '선루프': '포함', '헤드업 디스플레이': '포함', '서라운드 뷰 모니터': '미포함', '후방 모니터': '포함', '후측방 경보 시스템': '포함', '차선 이탈 경보': '포함', '스마트 크루즈 컨트롤': '포함', '전방 주차거리 경고': '포함'}",,,,,,,
GJK240930009278,2021 GV70 가솔린 2.5 터보 AWD 스포츠 디자인 셀렉션Ⅱ,2021년,"28,606km",119노6141,용인,"5,260
만원",,,2021.06.22,가솔린,"2,497cc",우유니 화이트,옵시디언블랙/울트라마린블루투톤,SUV,5인승,AWD,자동,없음,없음,2건,없음,"{'내비게이션': '포함', '하이패스': '포함', '열선 스티어링 휠': '포함', '열선시트(1열/2열)': '포함', '통풍시트(1열/2열)': '포함', '전동시트(1열)': '포함', '가죽 시트': '포함', '전동식 트렁크': '포함', '선루프': '미포함', '헤드업 디스플레이': '포함', '서라운드 뷰 모니터': '포함', '후방 모니터': '포함', '후측방 경보 시스템': '포함', '차선 이탈 경보': '포함', '스마트 크루즈 컨트롤': '포함', '전방 주차거리 경고': '포함'}",,,,,,,
GJJ241104010200,2021 G80 가솔린 2.5 터보 AWD 시그니처 디자인 셀렉션Ⅱ,2020년,"87,001km",299거3902,양산,"4,390
만원",,,2020.08.25,가솔린,"2,497cc",비크 블랙,포레스트 블루(올리브 애쉬),승용,5인승,AWD,자동,없음,없음,없음,있음,"{'내비게이션': '포함', '하이패스': '포함', '열선 스티어링 휠': '포함', '열선시트(1열/2열)': '포함', '통풍시트(1열/2열)': '포함', '전동시트(1열/2열)': '포함', '가죽 시트': '포함', '전동식 트렁크': '포함', '선루프': '포함', '헤드업 디스플레이': '포함', '서라운드 뷰 모니터': '포함', '후방 모니터': '포함', '후측방 경보 시스템': '포함', '차선 이탈 경보': '포함', '스마트 크루즈 컨트롤': '포함', '전방 주차거리 경고': '포함'}",,,,,,,
GJK240826008521,2023 GV70 가솔린 2.5 터보 AWD 스포츠 디자인 셀렉션Ⅱ,2022년,"22,301km",110보5329,양산,"5,660
만원","5,810
만원","150
만원 할인",2022.08.21,가솔린,"2,497cc",우유니 화이트,옵시디언블랙/세비야레드투톤,SUV,5인승,AWD,자동,없음,없음,없음,없음,"{'내비게이션': '포함', '하이패스': '포함', '열선 스티어링 휠': '포함', '열선시트(1열/2열)': '포함', '통풍시트(1열)': '포함', '전동시트(1열)': '포함', '가죽 시트': '포함', '전동식 트렁크': '포함', '선루프': '포함', '헤드업 디스플레이': '포함', '서라운드 뷰 모니터': '포함', '후방 모니터': '포함', '후측방 경보 시스템': '포함', '차선 이탈 경보': '포함', '스마트 크루즈 컨트롤': '포함', '전방 주차거리 경고': '포함'}",,,,,,,
HMX241210010929,2024 싼타페(MX5) 하이브리드 AWD 5인승 캘리그래피,2023년,"20,339km",236우1428,양산,"4,530
만원",,,2023.11.01,하이브리드,"1,598cc",마그네틱 그레이 메탈릭,블랙모노톤(캘리그래피),SUV,5인승,AWD,자동,없음,없음,없음,없음,"{'내비게이션': '포함', '하이패스': '포함', '열선 스티어링 휠': '포함', '열선시트(1열/2열)': '포함', '통풍시트(1열)': '포함', '전동시트(1열)': '포함', '가죽 시트': '포함', '전동식 트렁크': '포함', '선루프': '포함', '헤드업 디스플레이': '포함', '서라운드 뷰 모니터': '포함', '후방 모니터': '포함', '후측방 경보 시스템': '포함', '차선 이탈 경보': '포함', '스마트 크루즈 컨트롤': '포함', '전방 주차거리 경고': '포함'}",,,,,,,
HDN241029010033,2023 쏘나타(DN8) 가솔린 2.0 프리미엄 플러스,2023년,"2,979km",168머7383,양산,"2,510
만원",,,2023.01.31,가솔린,"1,999cc",녹턴 그레이 메탈릭,블랙모노톤,승용,5인승,2WD,자동,없음,없음,1건,있음,"{'내비게이션': '포함', '하이패스': '포함', '열선 스티어링 휠': '포함', '열선 시트 (1열)': '포함', '통풍시트(1열)': '포함', '전동시트(1열)': '포함', '가죽 시트': '포함', '전동식 트렁크': '미포함', '선루프': '미포함', '헤드업 디스플레이': '미포함', '서라운드 뷰 모니터': '미포함', '후방 모니터': '포함', '후측방 경보 시스템': '포함', '차선 이탈 경보': '포함', '스마트 크루즈 컨트롤': '포함', '전방 주차거리 경고': '포함'}",,,,,,,
HOS241002009385,2020 코나(OS) 가솔린 1.6 터보 2WD 모던 초이스,2020년,"60,494km",115버3045,용인,"1,790
만원",,,2020.09.07,가솔린,"1,591cc",펄스 레드 펄,블랙,SUV,5인승,2WD,자동 (DCT),없음,없음,없음,있음,"{'내비게이션': '포함', '하이패스': '포함', '열선 스티어링 휠': '포함', '열선 시트 (1열)': '포함', '통풍시트(1열)': '포함', '전동 시트 (운전석)': '미포함', '가죽 시트': '미포함', '전동식 트렁크': '미포함', '선루프': '미포함', '헤드업 디스플레이': '미포함', '서라운드 뷰 모니터': '미포함', '후방 모니터': '포함', '후측방 경보 시스템': '포함', '차선 이탈 경보': '포함', '스마트 크루즈 컨트롤': '포함', '전방 주차거리 경고': '미포함'}",,,,,,,
HTM241003009395,2022 싼타페(TM) 하이브리드 2WD 7인승 캘리그래피,2022년,"16,474km",168러8633,양산,"3,840
만원","3,940
만원","100
만원 할인",2022.08.25,하이브리드,"1,598cc",마그네틱 그레이 메탈릭,라이트그레이,SUV,7인승,2WD,자동,없음,없음,1건,없음,"{'내비게이션': '포함', '하이패스': '포함', '열선 스티어링 휠': '포함', '열선시트(1열/2열)': '포함', '통풍시트(1열)': '포함', '전동시트(1열)': '포함', '가죽 시트': '포함', '전동식 트렁크': '포함', '선루프': '미포함', '헤드업 디스플레이': '포함', '서라운드 뷰 모니터': '포함', '후방 모니터': '포함', '후측방 경보 시스템': '포함', '차선 이탈 경보': '포함', '스마트 크루즈 컨트롤': '포함', '전방 주차거리 경고': '포함'}",,,,,,,
GJK240903008701,2023 GV70 가솔린 2.5 터보 2WD 스포츠 디자인 셀렉션Ⅱ,2022년,"13,004km",119가8368,용인,"4,940
만원","5,290
만원","350
만원 할인",2022.08.23,가솔린,"2,497cc",비크 블랙,옵시디언블랙/울트라마린블루투톤,SUV,5인승,2WD,자동,없음,없음,1건,없음,"{'내비게이션': '포함', '하이패스': '포함', '열선 스티어링 휠': '포함', '열선시트(1열/2열)': '포함', '통풍시트(1열)': '포함', '전동시트(1열)': '포함', '가죽 시트': '포함', '전동식 트렁크': '포함', '선루프': '미포함', '헤드업 디스플레이': '미포함', '서라운드 뷰 모니터': '포함', '후방 모니터': '포함', '후측방 경보 시스템': '포함', '차선 이탈 경보': '포함', '스마트 크루즈 컨트롤': '포함', '전방 주차거리 경고': '포함'}",,,,,,,
GJX241023009912,2022 GV80 가솔린 2.5 터보 AWD 6인승 시그니처 디자인 셀렉션Ⅱ,2022년,"28,592km",130더9020,용인,"6,920
만원",,,2022.04.13,가솔린,"2,497cc",카본 메탈,블루/듄 베이지 투톤(올리브애쉬),SUV,6인승,AWD,자동,없음,없음,없음,있음,"{'내비게이션': '포함', '하이패스': '포함', '열선 스티어링 휠': '포함', '열선시트(1열/2열)': '포함', '통풍시트(1열/2열)': '포함', '전동시트(1열/2열)': '포함', '가죽 시트': '포함', '전동식 트렁크': '포함', '선루프': '포함', '헤드업 디스플레이': '포함', '서라운드 뷰 모니터': '포함', '후방 모니터': '포함', '후측방 경보 시스템': '포함', '차선 이탈 경보': '포함', '스마트 크루즈 컨트롤': '포함', '전방 주차거리 경고': '포함'}",,,,,,,
HDN241020009710,2022 쏘나타(DN8) 가솔린 2.0 인스퍼레이션,2022년,"13,438km",106저1840,양산,"2,750
만원",,,2022.09.04,가솔린,"1,999cc",햄턴 그레이 메탈릭,블랙모노톤,승용,5인승,2WD,자동,없음,없음,1건,없음,"{'내비게이션': '포함', '하이패스': '포함', '열선 스티어링 휠': '포함', '열선시트(1열/2열)': '포함', '통풍시트(1열)': '포함', '전동시트(1열)': '포함', '가죽 시트': '포함', '전동식 트렁크': '미포함', '선루프': '미포함', '헤드업 디스플레이': '포함', '서라운드 뷰 모니터': '미포함', '후방 모니터': '포함', '후측방 경보 시스템': '포함', '차선 이탈 경보': '포함', '스마트 크루즈 컨트롤': '포함', '전방 주차거리 경고': '포함'}",,,,,,,
HAX241211011009,2023 캐스퍼(AX) 가솔린 1.0 터보 4인승 인스퍼레이션,2022년,"36,095km",327부8301,양산,"1,570
만원",,,2022.07.21,가솔린,998cc,소울트로닉 오렌지 펄,블랙모노톤,SUV,4인승,2WD,자동,없음,없음,없음,없음,"{'내비게이션': '포함', '하이패스': '포함', '열선 스티어링 휠': '포함', '열선 시트 (1열)': '포함', '통풍 시트 (운전석)': '포함', '전동 시트 (운전석)': '미포함', '가죽 시트': '미포함', '전동식 트렁크': '미포함', '선루프': '미포함', '헤드업 디스플레이': '미포함', '서라운드 뷰 모니터': '미포함', '후방 모니터': '포함', '후측방 경보 시스템': '포함', '차선 이탈 경보': '포함', '스마트 크루즈 컨트롤': '포함', '전방 주차거리 경고': '미포함'}",,,,,,,
HTM241119010563,2021 싼타페(TM) 디젤 2.2 2WD 5인승 프리미엄 초이스,2020년,"61,877km",387라1255,양산,"2,450
만원",,,2020.09.21,디젤,"2,151cc",크리미 화이트 펄,블랙모노톤,SUV,5인승,2WD,자동 (DCT),없음,없음,1건,없음,"{'내비게이션': '포함', '하이패스': '포함', '열선 스티어링 휠': '포함', '열선시트(1열/2열)': '포함', '통풍시트(1열)': '포함', '전동시트(1열)': '포함', '가죽 시트': '미포함', '전동식 트렁크': '포함', '선루프': '미포함', '헤드업 디스플레이': '미포함', '서라운드 뷰 모니터': '미포함', '후방 모니터': '포함', '후측방 경보 시스템': '미포함', '차선 이탈 경보': '포함', '스마트 크루즈 컨트롤': '미포함', '전방 주차거리 경고': '포함'}",,,,,,,
HCN241125010632,2021 아반떼(CN7) 가솔린 1.6 모던,2020년,"45,695km",110고8737,군산,"1,620
만원",,,2020.11.01,가솔린,"1,598cc",폴라 화이트,블랙모노톤,승용,5인승,2WD,자동 (IVT),없음,없음,1건,있음,"{'내비게이션': '미포함', '하이패스': '포함', '열선 스티어링 휠': '포함', '열선 시트 (1열)': '포함', '통풍 시트 (운전석)': '포함', '전동 시트 (운전석)': '미포함', '가죽 시트': '미포함', '전동식 트렁크': '미포함', '선루프': '미포함', '헤드업 디스플레이': '미포함', '서라운드 뷰 모니터': '미포함', '후방 모니터': '미포함', '후측방 경보 시스템': '미포함', '차선 이탈 경보': '포함', '스마트 크루즈 컨트롤': '미포함', '전방 주차거리 경고': '미포함'}",,,,,,,
GJX241211010994,2022 GV80 가솔린 2.5 터보 AWD 6인승 시그니처 디자인 셀렉션Ⅱ,2022년,"50,282km",131소5966,용인,"6,250
만원",,,2022.04.17,가솔린,"2,497cc",비크 블랙,블루/듄 베이지 투톤(올리브애쉬),SUV,6인승,AWD,자동,없음,없음,없음,있음,"{'내비게이션': '포함', '하이패스': '포함', '열선 스티어링 휠': '포함', '열선시트(1열/2열)': '포함', '통풍시트(1열/2열)': '포함', '전동시트(1열/2열)': '포함', '가죽 시트': '포함', '전동식 트렁크': '포함', '선루프': '포함', '헤드업 디스플레이': '포함', '서라운드 뷰 모니터': '포함', '후방 모니터': '포함', '후측방 경보 시스템': '포함', '차선 이탈 경보': '포함', '스마트 크루즈 컨트롤': '포함', '전방 주차거리 경고': '포함'}",,,,,,,
HIG241119010575,2021 그랜저(IG) 가솔린 2.5 프리미엄 초이스,2021년,"16,464km",158머5759,양산,"2,870
만원",,,2021.01.25,가솔린,"2,497cc",크리미 화이트 펄,브라운,승용,5인승,2WD,자동,없음,없음,없음,있음,"{'내비게이션': '포함', '하이패스': '포함', '열선 스티어링 휠': '포함', '열선시트(1열/2열)': '포함', '통풍시트(1열)': '포함', '전동시트(1열)': '포함', '가죽 시트': '포함', '전동식 트렁크': '포함', '선루프': '미포함', '헤드업 디스플레이': '미포함', '서라운드 뷰 모니터': '포함', '후방 모니터': '포함', '후측방 경보 시스템': '포함', '차선 이탈 경보': '포함', '스마트 크루즈 컨트롤': '포함', '전방 주차거리 경고': '포함'}",,,,,,,
GJJ241025009952,2022 G80 가솔린 2.5 터보 2WD 시그니처 디자인 셀렉션Ⅱ,2022년,"24,526km",240수2373,양산,"5,090
만원",,,2022.10.25,가솔린,"2,497cc",세빌 실버,듄 베이지(애쉬칼라 그라데이션),승용,5인승,2WD,자동,없음,없음,없음,없음,"{'내비게이션': '포함', '하이패스': '포함', '열선 스티어링 휠': '포함', '열선시트(1열/2열)': '포함', '통풍시트(1열)': '포함', '전동시트(1열)': '포함', '가죽 시트': '포함', '전동식 트렁크': '포함', '선루프': '미포함', '헤드업 디스플레이': '포함', '서라운드 뷰 모니터': '포함', '후방 모니터': '포함', '후측방 경보 시스템': '포함', '차선 이탈 경보': '포함', '스마트 크루즈 컨트롤': '포함', '전방 주차거리 경고': '포함'}",,,,,,,
HLX240816008331,2023 팰리세이드(LX2) 가솔린 3.8 2WD 7인승 캘리그래피,2022년,"18,363km",365로3404,양산,"3,930
만원","4,230
만원","300
만원 할인",2022.07.06,가솔린,"3,778cc",로버스트 에메랄드 펄,브라운,SUV,7인승,2WD,자동,없음,없음,1건,없음,"{'내비게이션': '포함', '하이패스': '포함', '열선 스티어링 휠': '포함', '열선시트(1열/2열)': '포함', '통풍시트(1열/2열)': '포함', '전동시트(1열)': '포함', '가죽 시트': '포함', '전동식 트렁크': '포함', '선루프': '미포함', '헤드업 디스플레이': '포함', '서라운드 뷰 모니터': '포함', '후방 모니터': '포함', '후측방 경보 시스템': '포함', '차선 이탈 경보': '포함', '스마트 크루즈 컨트롤': '포함', '전방 주차거리 경고': '포함'}",,,,,,,
HDN241210010917,2024 쏘나타(DN8) 가솔린 1.6 터보 프리미엄,2023년,"6,420km",257도5416,양산,"2,760
만원",,,2023.11.22,가솔린,"1,598cc",녹턴 그레이 메탈릭,블랙모노톤,승용,5인승,2WD,자동,없음,없음,1건,없음,"{'내비게이션': '포함', '하이패스': '포함', '열선 스티어링 휠': '포함', '열선 시트 (1열)': '포함', '통풍 시트 (운전석)': '미포함', '전동 시트 (운전석)': '포함', '가죽 시트': '미포함', '전동식 트렁크': '미포함', '선루프': '미포함', '헤드업 디스플레이': '미포함', '서라운드 뷰 모니터': '미포함', '후방 모니터': '포함', '후측방 경보 시스템': '미포함', '차선 이탈 경보': '포함', '스마트 크루즈 컨트롤': '미포함', '전방 주차거리 경고': '포함'}",,,,,,,
GJJ241216011092,2022 G80 가솔린 3.5 터보 AWD 시그니처 디자인 셀렉션Ⅱ,2021년,"34,189km",345마4992,양산,"4,580
만원",,,2021.11.25,가솔린,"3,470cc",우유니 화이트,듄 베이지(애쉬칼라 그라데이션),승용,5인승,AWD,자동,없음,없음,없음,있음,"{'내비게이션': '포함', '하이패스': '포함', '열선 스티어링 휠': '포함', '열선시트(1열/2열)': '포함', '통풍시트(1열)': '포함', '전동시트(1열)': '포함', '가죽 시트': '포함', '전동식 트렁크': '포함', '선루프': '포함', '헤드업 디스플레이': '미포함', '서라운드 뷰 모니터': '포함', '후방 모니터': '포함', '후측방 경보 시스템': '포함', '차선 이탈 경보': '포함', '스마트 크루즈 컨트롤': '포함', '전방 주차거리 경고': '포함'}",,,,,,,
HCN241011009529,2021 아반떼(CN7) 가솔린 1.6 스마트,2020년,"65,877km",260루1129,양산,"1,470
만원",,,2020.07.23,가솔린,"1,598cc",파이어리 레드 펄,블랙모노톤,승용,5인승,2WD,자동 (IVT),없음,없음,1건,있음,"{'내비게이션': '포함', '하이패스': '포함', '열선 스티어링 휠': '미포함', '열선 시트 (1열)': '미포함', '통풍 시트 (운전석)': '미포함', '전동 시트 (운전석)': '미포함', '가죽 시트': '미포함', '전동식 트렁크': '미포함', '선루프': '미포함', '헤드업 디스플레이': '미포함', '서라운드 뷰 모니터': '미포함', '후방 모니터': '포함', '후측방 경보 시스템': '미포함', '차선 이탈 경보': '포함', '스마트 크루즈 컨트롤': '미포함', '전방 주차거리 경고': '미포함'}",,,,,,,
GJJ240628007269,2021 G80 가솔린 2.5 터보 AWD 시그니처 디자인 셀렉션Ⅱ,2020년,"71,697km",399오2977,양산,"4,740
만원","4,990
만원","250
만원 할인",2020.06.17,가솔린,"2,497cc",비크 블랙,블랙모노톤(올리브 애쉬),승용,5인승,AWD,자동,없음,없음,1건,없음,"{'내비게이션': '포함', '하이패스': '포함', '열선 스티어링 휠': '포함', '열선시트(1열/2열)': '포함', '통풍시트(1열/2열)': '포함', '전동시트(1열/2열)': '포함', '가죽 시트': '포함', '전동식 트렁크': '포함', '선루프': '포함', '헤드업 디스플레이': '포함', '서라운드 뷰 모니터': '포함', '후방 모니터': '포함', '후측방 경보 시스템': '포함', '차선 이탈 경보': '포함', '스마트 크루즈 컨트롤': '포함', '전방 주차거리 경고': '포함'}",,,,,,,
HLX240827008531,2021 팰리세이드(LX2) 가솔린 3.8 2WD 7인승 캘리그래피,2021년,"27,111km",164라2834,양산,"3,480
만원","3,630
만원","150
만원 할인",2021.01.27,가솔린,"3,778cc",문라이트 블루 펄,블랙(고급),SUV,7인승,2WD,자동,없음,없음,1건,없음,"{'내비게이션': '포함', '하이패스': '포함', '열선 스티어링 휠': '포함', '열선시트(1열/2열)': '포함', '통풍시트(1열/2열)': '포함', '전동시트(1열)': '포함', '가죽 시트': '포함', '전동식 트렁크': '포함', '선루프': '포함', '헤드업 디스플레이': '포함', '서라운드 뷰 모니터': '포함', '후방 모니터': '포함', '후측방 경보 시스템': '포함', '차선 이탈 경보': '포함', '스마트 크루즈 컨트롤': '포함', '전방 주차거리 경고': '포함'}",,,,,,,
HTM240628007274,2021 싼타페(TM) 디젤 2.2 AWD 5인승 캘리그래피,2021년,"84,994km",394부1007,양산,"3,090
만원",,,2021.05.30,디젤,"2,151cc",크리미 화이트 펄,블랙,SUV,5인승,AWD,자동 (DCT),없음,없음,1건,있음,"{'내비게이션': '포함', '하이패스': '포함', '열선 스티어링 휠': '포함', '열선시트(1열/2열)': '포함', '통풍시트(1열)': '포함', '전동시트(1열)': '포함', '가죽 시트': '포함', '전동식 트렁크': '포함', '선루프': '미포함', '헤드업 디스플레이': '포함', '서라운드 뷰 모니터': '포함', '후방 모니터': '포함', '후측방 경보 시스템': '포함', '차선 이탈 경보': '포함', '스마트 크루즈 컨트롤': '포함', '전방 주차거리 경고': '포함'}",,,,,,,
HLX240922009008,2023 팰리세이드(LX2) 가솔린 3.8 2WD 7인승 프레스티지,2022년,"15,792km",145노1984,용인,"3,810
만원","4,160
만원","350
만원 할인",2022.09.01,가솔린,"3,778cc",어비스블랙펄,네이비,SUV,7인승,2WD,자동,없음,없음,없음,없음,"{'내비게이션': '포함', '하이패스': '포함', '열선 스티어링 휠': '포함', '열선시트(1열/2열)': '포함', '통풍시트(1열/2열)': '포함', '전동시트(1열)': '포함', '가죽 시트': '포함', '전동식 트렁크': '포함', '선루프': '미포함', '헤드업 디스플레이': '포함', '서라운드 뷰 모니터': '포함', '후방 모니터': '포함', '후측방 경보 시스템': '포함', '차선 이탈 경보': '포함', '스마트 크루즈 컨트롤': '포함', '전방 주차거리 경고': '포함'}",,,,,,,
GJJ241006009454,2022 G80 가솔린 2.5 터보 AWD 시그니처 디자인 셀렉션Ⅱ,2022년,"21,907km",192버2271,양산,"5,520
만원",,,2022.09.27,가솔린,"2,497cc",비크 블랙,듄 베이지(애쉬칼라 그라데이션),승용,5인승,AWD,자동,없음,없음,없음,없음,"{'내비게이션': '포함', '하이패스': '포함', '열선 스티어링 휠': '포함', '열선시트(1열/2열)': '포함', '통풍시트(1열)': '포함', '전동시트(1열)': '포함', '가죽 시트': '포함', '전동식 트렁크': '포함', '선루프': '미포함', '헤드업 디스플레이': '포함', '서라운드 뷰 모니터': '포함', '후방 모니터': '포함', '후측방 경보 시스템': '포함', '차선 이탈 경보': '포함', '스마트 크루즈 컨트롤': '포함', '전방 주차거리 경고': '포함'}",,,,,,,
GJX241129010763,2020 GV80 가솔린 3.5 터보 AWD 5인승 스탠다드 디자인,2020년,"49,920km",345마4955,양산,"4,840
만원",,,2020.11.10,가솔린,"3,470cc",로얄 블루,블랙모노톤,SUV,5인승,AWD,자동,없음,없음,없음,있음,"{'내비게이션': '포함', '하이패스': '포함', '열선 스티어링 휠': '포함', '열선시트(1열/2열)': '포함', '통풍시트(1열/2열)': '포함', '전동시트(1열/2열)': '포함', '가죽 시트': '포함', '전동식 트렁크': '포함', '선루프': '미포함', '헤드업 디스플레이': '포함', '서라운드 뷰 모니터': '포함', '후방 모니터': '포함', '후측방 경보 시스템': '포함', '차선 이탈 경보': '포함', '스마트 크루즈 컨트롤': '포함', '전방 주차거리 경고': '포함'}",,,,,,,
